PC1,PC2,canton,name_es,provincia,viajes,viajeros,weekday_all,weekend_all,prop_weekend,prop_night,cluster
-0.15847652396054032,1.2522312022146005,101,CUENCA,1,17249.478298281858,16919.901049942153,16618.537539105586,15494.88494473112,0.4825049386290106,0.08687346689871074,Cluster_1
-1.0465235619580922,-0.4344161506972579,102,GIRÓN,1,14927.527996486662,14861.52509728171,12622.931146944373,14292.453908415218,0.531014283430034,0.06899142092307603,Cluster_1
-2.610532604731509,-0.7543903765081144,103,GUALACEO,1,4129.53795820957,4035.988959455864,3680.910147894094,4538.08538082314,0.5521459848672547,0.0677985380685941,Cluster_1
-0.9575169119975891,-0.006160756120208068,104,NABÓN,1,16034.737759502494,15944.003105319554,13886.956506626431,14117.349635644698,0.504113530395072,0.06680654786485658,Cluster_1
-1.6692337356456983,-0.40744827973067466,105,PAUTE,1,9035.49293552812,8872.282932098766,7856.988100137173,10174.792489711934,0.5642699809379768,0.08328070480620443,Cluster_1
-2.052815522387057,-0.22971720512919788,106,PUCARÁ,1,8323.486666862467,8270.393201754387,7092.890288954809,7557.027271548011,0.5158409417894796,0.06487456251231516,Cluster_1
-3.54503381752486,-3.4462474718643143,107,SAN FERNANDO,1,93.56521739130432,93.56521739130432,75.67391304347827,101.47826086956522,0.5728310222113142,0.011412443244569885,Cluster_1
-1.8110187632061079,-0.3697410928844342,108,SANTA ISABEL,1,10129.266595797795,10063.29349979464,8614.15537546407,9196.794477261565,0.5163562052168804,0.062306730669333586,Cluster_1
-2.363411734736353,-0.7642937676739978,109,SÍGSIG,1,6230.182066263175,6144.841108640849,5410.9912810822425,6070.545739169912,0.5287223939148691,0.05744003461231704,Cluster_1
-1.1763226476959119,0.04281291859563081,110,OÑA,1,14866.439479023778,14823.407475280064,12861.51361739826,12780.807023748284,0.49842630090350576,0.06493360117588592,Cluster_1
-2.387232242329402,-2.0102859242211513,111,CHORDELEG,1,6127.395550013102,5850.983292960201,5560.380028491391,6780.544978193197,0.5494357168948393,0.03730189149060833,Cluster_1
-1.2306863631127563,-0.07335256791990843,112,EL PAN,1,11311.871247881869,11199.15140855725,10071.274184519489,11940.562545388528,0.542460980966872,0.08193218609977558,Cluster_1
-1.5898778868601358,0.7297612814064165,113,SEVILLA DE ORO,1,9066.212577160491,9035.566229423868,8208.200102880659,8942.093878600825,0.5213959532271752,0.09048866170349484,Cluster_1
-2.2649662780639104,-0.711268169018929,114,GUACHAPALA,1,6104.2775325511075,6003.699568171974,5219.735956998385,6778.675995693175,0.5649644321615861,0.07546254308652535,Cluster_1
5.8946059335328185,1.5729595332082844,115,CAMILO PONCE ENRÍQUEZ,1,60341.994525950366,59820.19434814063,54866.7780244095,45839.67366043745,0.4551811020399087,0.09073959243424393,Cluster_2
0.25077184935805874,-0.2686980241939659,201,GUARANDA,2,26562.03038663851,26324.899686971115,22764.27900250657,21236.645442406774,0.48264089244292696,0.0533473681377701,Cluster_1
0.9766618619581152,0.34174364210728475,202,CHILLANES,2,36122.59228200948,35953.025118409816,30459.580494409503,25469.48774167249,0.45538909452528914,0.05652996635686743,Cluster_1
0.5341097056449997,-0.0943745931989637,203,CHIMBO,2,29388.41779245279,29312.21636725376,24582.70652062782,23032.096541364062,0.48371714383397796,0.05868923602434601,Cluster_1
0.3892059082112106,-0.42849271577577897,204,ECHEANDÍA,2,21962.700110703092,21455.134829201837,19728.20143535415,21603.47310490573,0.5226856483606168,0.06784647489507653,Cluster_1
4.229363520669141,0.10304549128624116,205,SAN MIGUEL,2,50539.69915018476,50275.552399586384,44377.334114124045,42986.86835343705,0.49204213097920013,0.07291132367773402,Cluster_2
-3.1526647652644018,-1.4248016142274087,206,CALUMA,2,1368.111111111111,1201.5555555555557,1262.126984126984,1523.920634920635,0.5469829820933108,0.04842915282691719,Cluster_1
-3.2520968961630525,-1.5999594821272147,207,LAS NAVES,2,922.282608695652,897.1739130434783,872.25,977.1630434782608,0.5283638757302551,0.03544602870475944,Cluster_1
-0.7448039109827632,-0.2247903718542206,301,AZOGUES,3,14876.982124104105,14656.91543532705,13567.145768801556,14918.582746864648,0.523721299199349,0.07050282147383471,Cluster_1
0.7450390309035382,0.8647707561774056,302,BIBLIÁN,3,27428.88484415121,27276.633246517533,24191.36014262971,21599.46390173258,0.47169851935416035,0.07559044716016271,Cluster_1
-0.41809445592713546,0.5288002295130698,303,CAÑAR,3,20192.014285401743,19930.509784089085,17676.66693147013,15989.087379257153,0.47493625812395296,0.06700102321753092,Cluster_1
-1.0728774837923691,0.30849108179427037,304,LA TRONCAL,3,13680.08690129868,13277.966507787676,12811.726304791213,11920.710726736148,0.4819869029299608,0.06317563930295633,Cluster_1
0.8665329753346016,0.5830360175016723,305,EL TAMBO,3,29570.639001977554,29366.290083425407,25778.113316840405,22968.478401066433,0.47118121681169906,0.06921796046825532,Cluster_1
-3.140622101213047,-0.18961485157571592,306,DÉLEG,3,887.2941176470588,860.1176470588235,878.6470588235294,904,0.5071110377825442,0.05936314139580928,Cluster_1
-1.9642574393897294,-0.11827063980280185,307,SUSCAL,3,9168.435376774169,8927.905087343579,8198.962277966742,7761.423243680189,0.48629296787057175,0.05379248606859672,Cluster_1
-2.3753446749535,-0.012975800249533152,401,TULCÁN,4,5623.75699064698,5338.65899531789,5471.628053774676,4852.567597188786,0.47001894977997055,0.047782844563265356,Cluster_1
-0.8101763341843734,-0.8629845366082574,402,BOLÍVAR,4,17140.936177449457,16860.12371469451,14639.145018158715,15768.28776928872,0.5185668872315345,0.05384855134695034,Cluster_1
-2.849148617999292,-0.37805106580970393,403,ESPEJO,4,2776.816551657443,2678.364312891216,2610.856873062941,2654.549872101434,0.5041490620908461,0.05406534542551759,Cluster_1
-2.8929529654401622,-0.08671226847902225,404,MIRA,4,2477.796794479665,2429.7384884884887,2187.71805370185,2361.5393796574353,0.5191043624703418,0.06789776348411304,Cluster_1
-1.2729459306027715,-0.707770151344467,405,MONTÚFAR,4,14175.72977798652,13887.553781236951,12367.269603238505,12420.21878913938,0.5010680627472761,0.048431355466301784,Cluster_1
-1.3542589955387794,-0.6816280754996521,406,SAN PEDRO DE HUACA,4,13294.957739791074,12915.481283634062,11848.952892529282,11769.687598923709,0.49832197594873723,0.04746999545934139,Cluster_1
1.1622624515799567,-1.2576080331369763,501,LATACUNGA,5,38697.65708807467,38605.90201118724,30716.850556300265,29968.39272074934,0.49383327976346775,0.03940059366457879,Cluster_1
2.410396898719357,-0.9694237438891024,502,LA MANÁ,5,35720.656936387524,34210.1887330185,34071.853465404834,32574.12985522336,0.4887635868243098,0.04290906020605049,Cluster_2
-3.1570488174347986,-0.17179378684486854,503,PANGUA,5,815.1266968325793,770.9185520361992,782.1289592760181,850.2895927601809,0.5208771927393078,0.06614425754196991,Cluster_1
-1.9396313101331129,-0.952507708126707,504,PUJILÍ,5,10409.579892618312,10309.723041087962,8608.803599537037,9039.131833847736,0.5121920276718783,0.04658965494600791,Cluster_1
0.985638501348593,-1.0305186095976808,505,SALCEDO,5,36923.10422030313,36813.135427541776,29553.72810977485,28294.777046294606,0.48911855146400307,0.041796278442689974,Cluster_1
-2.340710743951974,-1.0485266245273344,506,SAQUISILÍ,5,7353.741466226763,7318.298276748971,5972.1355798566765,6533.33820420037,0.5224382791901558,0.048199433992130544,Cluster_1
-1.569338956612378,-0.5654741155951145,507,SIGCHOS,5,12803.821234508774,12631.169019913912,11195.275904935908,10449.461530615865,0.48277146173427277,0.04281438862877346,Cluster_1
-1.599689487505074,-0.011526312454440375,601,RIOBAMBA,6,12344.969357127418,12241.80048481194,10563.208273860306,9967.337320441433,0.48548818513658365,0.056937684419180144,Cluster_1
-0.3031474463807213,0.5502055200337009,602,ALAUSÍ,6,22673.618981610052,22444.264262375993,19491.24183213915,17059.000202425344,0.4667274210193505,0.06397160435559839,Cluster_1
0.024514035660607704,0.06433583518167764,603,COLTA,6,26601.596199936244,26439.91000912885,22451.72215955197,19840.416065321973,0.4691277598646672,0.05458563921116846,Cluster_1
-2.721692216991698,-0.7958241912340548,604,CHAMBO,6,3387.9444444444443,3302.240740740741,3052.703703703704,3953.0925925925926,0.5642602818301248,0.07217039858529843,Cluster_1
-0.5323866126216129,0.6638766679625144,605,CHUNCHI,6,19306.003332769007,19158.37214321682,16743.452868503762,15472.272749648384,0.4802708134852762,0.07235990166154199,Cluster_1
-0.47152195240095107,0.4558748288136485,606,GUAMOTE,6,20096.20027201553,19833.155133418248,17850.925503963586,15592.946199072909,0.4662422562055567,0.061198500067093646,Cluster_1
0.7608267018704177,-0.20618630948899402,607,GUANO,6,31005.79341276619,30880.713333314605,25543.687924975777,24858.74792397069,0.49320528869817115,0.061293022954552835,Cluster_1
-0.0023758002713302638,0.5124502990087785,608,PALLATANGA,6,29513.062210512493,29370.702748964683,24541.08071655076,19557.096712159884,0.44348990939083577,0.05339356133439009,Cluster_1
-1.2274406756723066,-0.8191961132261781,609,PENIPE,6,12787.941886716966,12620.028963763143,10091.688471650665,14233.765417809782,0.5851387391368217,0.08451699153185621,Cluster_1
0.09133136963608288,0.7569731603322724,610,CUMANDÁ,6,28039.30899453403,27918.795333977207,23683.83584936032,19481.22270994303,0.45131926980194614,0.06252456578830719,Cluster_1
-1.2983517896849992,1.0987265345086148,701,MACHALA,7,11956.08276662507,11724.332641584251,11496.95143693673,9739.853165739769,0.45863082266680755,0.07045441735010766,Cluster_1
-2.186056739202187,0.42267264811681887,702,ARENILLAS,7,6726.7262307073615,6594.286870996104,6198.136253087593,5919.017698684079,0.4884825035848165,0.067063379557707,Cluster_1
-2.2326236146264393,-1.0111522412155913,703,ATAHUALPA,7,6473.627186213992,6248.327064043209,5870.15249914266,6860.034454303841,0.5388793172787296,0.05650587594889332,Cluster_1
-0.8740000382789966,2.5271263385448965,704,BALSAS,7,11415.1770100797,11162.791669922384,11110.8419251706,11026.513351695578,0.4980953331502263,0.12276043625106942,Cluster_1
-2.889793637943573,-0.8531314450645237,705,CHILLA,7,2619.5789473684213,2557.2631578947367,2360.5263157894738,2830.9122807017543,0.5453040093000622,0.06180891616426506,Cluster_1
1.1075532713751692,1.3991196266441739,706,EL GUABO,7,28102.39257637017,27692.804150998854,26605.784903164626,21717.122649135363,0.4494167207474193,0.07674457424621323,Cluster_1
-2.265529775227794,-0.15111980270570088,707,HUAQUILLAS,7,6598.501440662229,6061.270933497671,6198.212057402915,5768.985579404332,0.4820665417658676,0.05026952751937016,Cluster_1
-2.384994555769508,2.004761143189679,708,MARCABELÍ,7,5269.497267759562,5156.44262295082,5065.4098360655735,3753.2021857923496,0.4256001031102871,0.07507593849570518,Cluster_1
-2.0153587234945154,0.4317633349215703,709,PASAJE,7,7779.421955182504,7579.269294755733,7175.685314888931,6773.631968267582,0.4855887804951279,0.06626306260002666,Cluster_1
-0.21007107574822595,1.3230618115138857,710,PIÑAS,7,17338.65295218163,17075.87723735537,16045.565938003409,15629.702539676742,0.49343551896616594,0.09372460862655767,Cluster_1
-1.3778377416158285,0.5059202284711964,711,PORTOVELO,7,11088.978561146016,10802.015398351596,10369.838380463669,10048.575298373193,0.4921330058460061,0.07213555106599703,Cluster_1
0.0865450274562995,2.0181408472034734,712,SANTA ROSA,7,18579.093180077307,18403.407787023614,17162.052603778673,16259.382196424776,0.4864956365166524,0.10697232362006726,Cluster_1
-1.411388571168993,0.13638619807168764,713,ZARUMA,7,11001.086938443075,10626.199086934155,10145.644723079562,10397.35328360768,0.5061263833167432,0.0699125896079021,Cluster_1
-1.9902802557793766,0.6152150226244146,714,LAS LAJAS,7,7751.231833165363,7726.933988410179,6836.67345101621,6948.9097878348875,0.5040707866643744,0.07948376922131388,Cluster_1
-0.6047580813838442,0.6718124327176137,801,ESMERALDAS,8,15936.574613570265,15608.561781765908,14987.876568656431,13823.778669925605,0.4797981426424267,0.07155146383126093,Cluster_1
0.7557689457275538,1.1883545762112835,802,ELOY ALFARO,8,24267.96997885231,23858.263188728848,22531.700960219485,20598.607953246457,0.47759008623319316,0.08482585531319549,Cluster_1
-2.1248178362966468,-0.41448367760195814,803,MUISNE,8,8288.141894327398,8130.601770963799,7300.213290801872,6837.369086598676,0.4836307159227214,0.04555437517966985,Cluster_1
1.2236224543004746,-0.43125990509098505,804,QUININDÉ,8,30295.58745312646,29639.687118216305,26492.98117696789,26642.55518911628,0.5014074762614409,0.05999055318856181,Cluster_1
-0.9787540485305611,0.5750051278590879,805,SAN LORENZO,8,14539.365816096311,13924.429274962096,13945.125309093206,11538.55367347123,0.4527820995298889,0.056195128581607065,Cluster_1
-1.3982479212945012,-1.0327704317331363,806,ATACAMES,8,12576.248289856365,12376.147356007708,10556.593667681342,12500.54022856323,0.5421549913712065,0.05950982263181644,Cluster_1
2.953374779190426,2.2797637997434763,807,RIOVERDE,8,35293.62158184419,35021.25837681817,33082.55722698007,29170.929112754733,0.4685830598074582,0.10892587428564736,Cluster_2
0.9136672758477189,0.03028387943346398,901,GUAYAQUIL,9,28926.257045099726,28710.511661011307,25182.407011052983,23521.28927533602,0.48294669745444774,0.0618145366886276,Cluster_1
37.3013597750508,-1.3440567792376905,902,ALFREDO BAQUERIZO MORENO(JUJÁN),9,270356.29159522173,269056.66872427985,245196.23489654777,210874.90928164535,0.4623728380396145,0.08183063997525251,Cluster_3
8.746717716976908,1.200190739627085,903,BALAO,9,88266.44277263375,87336.40234053499,79994.90577417695,60990.642811214,0.43260208881815776,0.0765797401597903,Cluster_2
3.926610563225158,0.6637426805769813,904,BALZAR,9,51337.37980043791,50637.94535414688,45326.11036746861,38876.120240318654,0.46169941057028574,0.07145507369149182,Cluster_2
5.328980367592844,-0.032345568053485235,905,COLIMES,9,60204.44512540081,58052.82562847851,53814.27169449468,47938.26940124986,0.4711260169526589,0.06257540664940187,Cluster_2
2.617174683540713,-0.16282915923025953,906,DAULE,9,38984.748276508886,38581.16533656511,34357.0196804507,33027.95391821853,0.4901382630929872,0.06397642427480867,Cluster_2
2.4842383640351584,0.4105689354914126,907,DURÁN,9,41207.5712416402,41047.69158688697,35770.131946696885,31430.3374624421,0.46771008802161296,0.06695961238222993,Cluster_2
2.5088592289421117,0.4812357769607625,908,EL EMPALME,9,38819.276360155454,37746.606049062895,35513.83424624851,30789.113758772484,0.464370208040235,0.06557217234613132,Cluster_2
-0.2893878996736089,0.806065298827385,909,EL TRIUNFO,9,20093.712915236774,19678.28128345348,18125.813183992024,15704.372871496082,0.4642118386738354,0.06837537630558636,Cluster_1
3.7445463130508143,0.30548633568766087,910,MILAGRO,9,48820.25169269738,48232.914661358576,44094.79595365018,37153.853481149126,0.4572857978515013,0.06155634509337449,Cluster_2
5.352023430583101,0.7688756073301897,911,NARANJAL,9,63585.258651084536,63020.963325271056,56873.3147206312,45388.28547321805,0.4438448585508056,0.06834387567243086,Cluster_2
-0.094418999425033,-0.22735417178998582,912,NARANJITO,9,23281.97923129112,22814.469406151213,20291.465791070048,18168.004567042044,0.4723935196681653,0.04885373382148929,Cluster_1
10.28024957024392,-1.1725348359996315,913,PALESTINA,9,94091.41500174528,92366.58438586984,81707.37688155251,79216.33668537502,0.4922601829743959,0.05775314724507011,Cluster_2
5.698069341015404,-0.4631363823090276,914,PEDRO CARBO,9,66395.70194920388,65910.88751105727,54153.11723371217,54697.86171212966,0.5025022488713148,0.06901075823822221,Cluster_2
7.105591419346327,1.0843036688664511,916,SAMBORONDÓN,9,60264.48974334218,59403.027162473,57398.17186075001,49463.42790952953,0.46287373589634717,0.08526437489065473,Cluster_2
5.448683955772072,-1.2252115363456755,918,SANTA LUCÍA,9,65287.424802906986,64518.96605285988,55470.6341309596,53361.65666022486,0.49031088358334185,0.04715435157599911,Cluster_2
0.6780225967730702,-1.2693199529108778,919,SALITRE,9,29493.325208338196,28981.7624326122,25209.38780314787,25109.836616373777,0.499010803644904,0.03937886492495275,Cluster_1
8.222169819911215,0.48345637142310016,920,SAN JACINTO DE YAGUACHI,9,78008.32883869136,77561.66276544447,69935.92094142539,60267.755975247215,0.4628729188179318,0.0761306495849742,Cluster_2
-1.0075738054612586,-1.8989838582059655,921,PLAYAS,9,16155.99048545107,15796.970817726156,13388.571110628473,15657.231623944126,0.5390531557011388,0.03930336341175734,Cluster_1
-1.2166195686284058,0.07618723750228347,922,SIMÓN BOLÍVAR,9,14883.943242319723,14727.911796488734,13253.102400178625,11508.79744352666,0.4647784506103762,0.05009184650134804,Cluster_1
-2.005341379419192,0.8772133581834232,923,CORONEL MARCELINO MARIDUEÑA,9,7458.841666666666,7149.425,7307.541666666667,5816.558333333333,0.44319673983993824,0.057073119934573285,Cluster_1
5.313519487235667,-0.1906115977251349,924,LOMAS DE SARGENTILLO,9,63392.277454343945,63027.77436461259,51965.28899364613,50739.01961576502,0.49403009769266515,0.07063267716122436,Cluster_2
9.569435263525156,-0.6047411236399466,925,NOBOL,9,86068.89571136667,85584.31860522201,72999.36549017327,72451.7548685873,0.49811754416110626,0.07185010369265447,Cluster_2
-0.0839639139664002,0.35291858314851726,927,GENERAL  ANTONIO ELIZALDE,9,26298.45772605167,26107.95096736397,21947.607817501143,18783.99864969136,0.4611651805293031,0.05743223791048716,Cluster_1
4.511538680960664,-0.29698887925920897,928,ISIDRO AYORA,9,58725.59870329912,58311.708545018955,47842.27347615248,46998.76602958686,0.49555304617620427,0.06752202722397387,Cluster_2
-1.504952623954608,-0.9253796685364443,1001,IBARRA,10,12695.796968243172,12580.630890038534,10884.867041225223,11496.526443010698,0.5136644620053771,0.04862120306787627,Cluster_1
-0.9875135430060773,-1.576986250596755,1002,ANTONIO ANTE,10,15176.882353734589,15011.131149584384,12528.165157176716,15535.800722676162,0.5535853624248209,0.053086967549196784,Cluster_1
-2.6847927142063206,-1.458208109578991,1003,COTACACHI,10,4047.052427184466,3891.8815533980583,3814.056310679612,4447.225242718447,0.5383214715505246,0.04447533940054905,Cluster_1
-0.912793667044778,-1.6482518254057523,1004,OTAVALO,10,15563.636869160828,15391.399198677844,12859.381642927648,16250.672559886274,0.5582494778836723,0.05376321053241068,Cluster_1
-3.1314101395885143,0.19700504938242142,1005,PIMAMPIRO,10,741.5086206896551,738.0086206896551,693.4051724137931,804.551724137931,0.5370993824922452,0.08254921933898471,Cluster_1
-2.579612854355247,-0.3638913929042916,1006,SAN MIGUEL DE URCUQUÍ,10,4057.57225433526,3875.578034682081,4016.393063583815,4107.312138728324,0.5055959117718003,0.055389885164447726,Cluster_1
-2.0540149042486484,0.2118429578615177,1101,LOJA,11,7313.8592712596,7128.56278274088,7096.87570382295,6429.046616203709,0.47531299264411553,0.056140251500485454,Cluster_1
-2.042662094796116,-0.7492706421986911,1102,CALVAS,11,8149.424907272039,7887.759645061728,7843.254610640327,7478.522865188735,0.48809760336139274,0.03963303931534965,Cluster_1
-1.7860593224168086,0.275471546958329,1103,CATAMAYO,11,8762.02511804145,8669.642944215957,7859.777724846278,8292.643325608868,0.5133994030805181,0.07597872023187471,Cluster_1
-2.0945929889916557,0.20458033183019628,1104,CELICA,11,7178.64626438424,6735.052831123304,7016.680476966164,6290.773991197988,0.4727255694353572,0.054584305151739995,Cluster_1
-0.5369174936123962,1.153984354998996,1105,CHAGUARPAMBA,11,14994.308818561514,14873.659751013452,13725.244583410107,14266.40044376881,0.5096663818763288,0.09687990561565224,Cluster_1
-2.5829297650603005,-0.3682378955195192,1107,GONZANAMÁ,11,4399.091287407046,4314.245567783914,4068.3087209407263,4198.58438244531,0.5078793604728736,0.05669362385032608,Cluster_1
-1.4693960292436912,0.7838536348322902,1108,MACARÁ,11,10514.347696895178,10123.887076976478,10510.866100404832,9025.70189074576,0.4619901455994778,0.06422324231958426,Cluster_1
-2.2939123976144606,0.7778149317273799,1109,PALTAS,11,5554.100677563539,5465.2242089246565,5108.204260992147,5308.758420294586,0.5096263260913241,0.08501153617898442,Cluster_1
-2.3315466314379742,-0.4388524134430324,1110,PUYANGO,11,6126.741676295661,5651.97044494833,5771.852436427606,5584.9065101230635,0.4917693979776984,0.047949849190489544,Cluster_1
-1.7095390650804831,-0.045446122504126905,1111,SARAGURO,11,11069.493056599764,11007.61507134218,9577.70007109702,9608.739723620554,0.5008088955756158,0.0628907223580384,Cluster_1
-2.4664601813112585,0.5413261820676714,1112,SOZORANGA,11,5107.534709477996,4946.516789938087,4873.6835365458055,4228.736010315872,0.4645727422851928,0.058288061582233396,Cluster_1
-3.132670112265834,-0.7805262495294736,1114,PINDAL,11,1300.8411855482934,1244.5572198015009,1250.4286946259986,1177.5657528443476,0.48499524126639487,0.03511373805455423,Cluster_1
-1.147347969810415,0.985210863436288,1116,OLMEDO,11,11763.141773221636,11660.549143885952,10791.57165362287,11252.329608502352,0.5104509167728658,0.0922647271884204,Cluster_1
6.261904989246062,0.7269383906765566,1201,BABAHOYO,12,61758.38726844813,61214.21527613194,57203.187352552864,48506.17341154088,0.45886355816482194,0.07506547671059982,Cluster_2
0.42381535660726155,-0.16464296171754655,1202,BABA,12,24937.05658848047,24216.86590015137,23187.51297916433,20090.753899246887,0.4642226999452441,0.04729713003634507,Cluster_1
3.3241470992094113,0.3640890536887784,1203,MONTALVO,12,41490.81990692815,41022.684518218186,37648.87496645196,35842.7809185134,0.48771225096107795,0.07513759408555998,Cluster_2
12.366764127571633,-0.008916357721432852,1204,PUEBLOVIEJO,12,110091.44961343789,109297.91607304092,97901.61697791325,83961.01359587436,0.46167271050117487,0.0716466412305285,Cluster_2
5.078754515855419,0.417199029589177,1205,QUEVEDO,12,58349.31223532686,57711.151718319314,53781.037041820935,43717.37621605046,0.4483906430397317,0.06150359610964463,Cluster_2
-2.0493251509578263,0.24068258474256796,1206,URDANETA,12,6713.526086956522,6380.773913043478,6903.147826086956,6109.517391304348,0.46950546173577384,0.05401292987801517,Cluster_1
5.818610000537427,0.18112596946848775,1207,VENTANAS,12,62422.54720962585,61655.89467100374,55548.908834992035,50002.48810569302,0.47372644564611566,0.06960733923776471,Cluster_2
2.699430916079114,-1.3131985765888914,1208,VINCES,12,40092.63730515577,38514.53945225273,36730.653376705304,35322.22838077275,0.4902264492302115,0.037554464418301084,Cluster_2
-2.1121465220427846,-0.6455932484886829,1209,PALENQUE,12,6991.396825396825,6727.460317460317,7233.880952380952,6148.928571428572,0.4594647006287384,0.028405903332514942,Cluster_1
6.000818344933121,0.8561467307236281,1210,BUENA FE,12,64024.87444511126,63589.825297845855,59294.76625165117,47092.200531073766,0.44265009103277275,0.06992481441910436,Cluster_2
3.062338316247492,-0.5110659754415797,1211,VALENCIA,12,39091.82610596707,37994.44908693416,37807.342361111114,34534.841580932785,0.47738179439813394,0.04910749998921396,Cluster_2
3.589600651500393,1.0325304614887443,1212,MOCACHE,12,45842.44372706039,45397.050607551995,42476.859663830495,34357.003365865865,0.44715965085065223,0.07216940628184595,Cluster_2
-2.4274406278729446,-0.04797309195848343,1213,QUINSALOMA,12,4655.906976744186,4458.818604651163,4638.6511627906975,4630.009302325581,0.49953381286877213,0.06042618235393891,Cluster_1
-0.536319648963204,0.2838674988536409,1301,PORTOVIEJO,13,17940.537065150984,17673.510591715305,16194.810687842604,14925.325732462772,0.47960348023166904,0.06270237270264031,Cluster_1
-2.2889497560152265,-0.798665342989395,1302,BOLÍVAR,13,7050.891982679427,6671.155830059152,6434.891370516234,6168.585257108542,0.4894352121531295,0.038502261386706406,Cluster_1
-1.7220499093540325,0.020003447502200317,1303,CHONE,13,11724.06196195531,11522.539874256074,10054.13804070262,9154.689124372357,0.47658761493867724,0.05320393190402752,Cluster_1
0.8859802113666463,0.5152722025197474,1304,EL CARMEN,13,26728.64172912993,26237.40950584623,24147.89961215625,22605.190646025218,0.483501529443168,0.07237079330124256,Cluster_1
0.16731803074580426,0.2377776338282273,1305,FLAVIO ALFARO,13,25702.0711588743,25280.406707164773,21806.98790551383,20201.20917400856,0.48088731672457286,0.06391016139952549,Cluster_1
0.30229478389828685,0.12903494739465007,1306,JIPIJAPA,13,28395.942391032833,28189.46550994952,23140.484872266778,21572.70701452324,0.4824685088271822,0.06268812462552825,Cluster_1
-1.6106439058411037,-0.4892393397118495,1307,JUNÍN,13,11425.489101080248,11129.632410950491,10253.17165782208,9891.677913333544,0.4910276385233936,0.04795841486467806,Cluster_1
-2.121232991831517,0.5209091214844063,1308,MANTA,13,6617.886714616304,6456.4610772034275,6541.701119318423,5721.212159931689,0.46654592017807583,0.05913377035017177,Cluster_1
-1.2045938238112952,0.45151429675492827,1309,MONTECRISTI,13,14248.059798580633,14062.19428586944,12525.480501110216,11374.544282398365,0.4759218613968547,0.06382199021657405,Cluster_1
4.857122914584337,-0.43057215767152984,1310,PAJÁN,13,62995.09835550613,62622.445784253294,51043.16248288792,50115.34754936466,0.49541405397713234,0.06515681516870057,Cluster_2
0.24087613976823705,0.17826822720085378,1311,PICHINCHA,13,25126.936284688552,25003.34102716373,21702.94402026372,20028.42040282356,0.4799368695393799,0.06264270989348503,Cluster_1
-0.11065308403702856,0.030562230379353076,1312,ROCAFUERTE,13,21716.250901323252,21396.84536025931,18702.76286973742,18308.53849276975,0.4946742702572595,0.06488736005104476,Cluster_1
-1.9198280129963832,-1.500432477289987,1313,SANTA ANA,13,10074.195763007285,9887.386150864131,8165.73226582518,9577.032347757657,0.5397711436934711,0.04625463297014042,Cluster_1
-2.2920491671571805,-0.7878711847106108,1314,SUCRE,13,6690.794189573428,6548.732601621513,5767.997494345953,6376.475241976882,0.5250516329873687,0.05532578583788683,Cluster_1
-0.45113848762034686,0.27164443981821507,1315,TOSAGUA,13,21534.907679283348,21169.758949054947,18312.187879852445,16282.23359939796,0.47066067022291375,0.05890652543987006,Cluster_1
-2.3708698168684137,-0.09351836785303691,1316,24 DE MAYO,13,5356.810256410256,5219.023076923077,4873.158974358975,5166.897435897436,0.5146283272491574,0.06666143974060826,Cluster_1
-2.3786545843078146,-1.2783860203699937,1317,PEDERNALES,13,7632.079826058852,7482.288986306859,6462.557832472959,6444.965181156452,0.49931851171995084,0.031946441010622384,Cluster_1
-2.4882917395419484,-1.493460461782527,1318,OLMEDO,13,5443.8218390804595,5336.074712643678,4864.620689655172,5720.672413793103,0.5404359008188003,0.045337789744065854,Cluster_1
0.15692570856440297,-0.4472098964788822,1319,PUERTO LÓPEZ,13,22477.587277091905,22182.47548725423,18707.135220193188,21347.994277263377,0.5329653041970301,0.07195060635706058,Cluster_1
-2.4825428571841277,-0.6927519953344657,1320,JAMA,13,6448.342575290876,6408.52433344489,5581.673286768473,5226.016466070041,0.48354612184324486,0.03812731525001412,Cluster_1
3.0187565219673465,0.5146350182304611,1321,JARAMIJÓ,13,34389.83677817465,33517.51463473108,33058.51502330145,31642.43566028432,0.4890567344988303,0.07797772714243568,Cluster_2
-2.41243674034975,-0.24195142675092368,1322,SAN VICENTE,13,6084.5311915839475,6000.614989199501,5432.441199813117,5091.846383119889,0.483818628386516,0.04890488486255843,Cluster_1
-0.9216243098970667,0.8963442212134656,1401,MORONA,14,14648.77930902347,13587.226968034867,14050.306495509632,11836.995013826288,0.45725101975412263,0.0657625516799176,Cluster_1
-1.024685093330864,0.08662894709640685,1402,GUALAQUIZA,14,13548.907634602192,13477.614939128942,12989.841370884777,11824.365466392315,0.4765159549097167,0.055729658838063724,Cluster_1
-1.1165906809582835,1.1901430804581183,1403,LIMÓN INDANZA,14,12636.9762654321,12631.793703703705,12005.167636316872,10374.03340792181,0.4635569155223488,0.07558867887692687,Cluster_1
0.9650098682337861,2.101267997633316,1405,SANTIAGO,14,22510.6974388216,22485.302888908303,21477.656679639986,20272.011833216864,0.4855610249210501,0.1094421111334636,Cluster_1
-0.8560958142066305,1.1561674203233279,1406,SUCÚA,14,15224.756174154696,15096.237194087043,13962.53988713377,12423.996124631254,0.47084604508495315,0.07851075056698187,Cluster_1
-2.375608641664978,1.2880916198752619,1407,HUAMBOYA,14,5475.704127812801,5436.148539422992,5059.1284120260925,4141.846283709833,0.450152991468319,0.06958835095416507,Cluster_1
-1.87632430829427,0.10511833064815884,1408,SAN JUAN BOSCO,14,9006.052887912841,9006.052887912841,8505.004642819456,7263.703545425768,0.46064036817172455,0.047558751988820126,Cluster_1
0.31684559015399677,1.1184875654723014,1410,LOGROÑO,14,24134.29114537405,24086.88788534318,21604.41817083701,18855.465851888595,0.46602866783547414,0.07782877355204919,Cluster_1
-2.636836289333087,0.4301428842803715,1501,TENA,15,4083.0522897096193,3984.3640764181905,3777.2864225023586,3404.032281917603,0.47401214484778226,0.05970938374644845,Cluster_1
-2.3153539427474574,0.19639931197246438,1503,ARCHIDONA,15,6236.959439770902,6105.592484902473,5846.103349058183,5282.616547893874,0.4746832157524857,0.05500968775875601,Cluster_1
-1.9670171592077725,1.6277908683498092,1504,EL CHACO,15,8521.120997299384,8468.165493184157,7970.333092206791,5732.169270833333,0.4183301063530383,0.06342453066986974,Cluster_1
-1.6386385955147453,1.077469467933037,1507,QUIJOS,15,11306.58317426083,11270.827693490011,10435.305918116912,8232.373945369958,0.44099609622468977,0.0614065949096171,Cluster_1
-2.138441723635919,1.4770637399840953,1509,CARLOS JULIO AROSEMENA TOLA,15,6789.909755903391,6724.366252082109,6069.682530496767,5673.393285812268,0.48312668457210656,0.08956023808478347,Cluster_1
-2.0740191720856407,0.4858400881006417,1601,PASTAZA,16,7871.150732842702,7635.54302519773,7030.798683568108,6752.166374722531,0.4898921491976802,0.06934017460284972,Cluster_1
-0.32155889635884793,-0.028112581534778757,1602,MERA,16,22797.4,22568.2,18235.2,19180.8,0.5126363053239256,0.07159503955527048,Cluster_1
-1.8670517303031127,1.7258753361502424,1603,SANTA CLARA,16,8097.191143689986,7928.1241426611805,7358.600051440329,6868.879458161867,0.4827896222606419,0.09561299139030523,Cluster_1
-1.3363954259597908,0.03746171583534859,1701,DISTRITO METROPOLITANO DE QUITO,17,12984.018289201738,12879.352056975204,11533.453235906096,10863.27060431615,0.48503837801521743,0.05826446031526796,Cluster_1
-0.8586407966426116,-1.3529771356550366,1702,CAYAMBE,17,18099.665116358647,17937.952977182962,14986.021683464243,16441.302395154107,0.5231531120506687,0.044864683118946744,Cluster_1
2.5236787313896136,-0.7073209145938089,1703,MEJÍA,17,46644.158212517395,46341.90858332653,37743.716580799155,36759.25868589827,0.49339316388790627,0.0541248537040604,Cluster_2
2.0106706697983237,-1.9937239410164695,1704,PEDRO MONCAYO,17,38155.54138107632,37961.29663327019,30825.19684644096,35431.149163668815,0.5347585747976885,0.04349918891100437,Cluster_2
-1.313672873553899,0.5429436155648231,1705,RUMIÑAHUI,17,14669.580186440577,14611.712157676857,12623.67444614163,10867.673447954285,0.46262451592595333,0.05996314168151159,Cluster_1
-0.6791962144290692,-0.31348010031575674,1707,SAN MIGUEL DE LOS BANCOS,17,17880.25724664081,17747.687379650804,14988.576283174652,16341.71071229287,0.5215946701878915,0.06807823360198428,Cluster_1
-0.9166328682534767,-1.360092042939418,1708,PEDRO VICENTE MALDONADO,17,16402.62981334509,16254.586390358614,13286.448045267489,16500.027270723105,0.5539435967391958,0.058247410180486306,Cluster_1
-2.0100190346997695,-0.6641203667870414,1709,PUERTO QUITO,17,8722.376282784597,8644.657746233259,7214.917956426711,8354.563883696057,0.5365987108296842,0.0642524921922691,Cluster_1
-1.447572627943438,-0.2613958739545268,1801,AMBATO,18,14223.39141609802,14150.981539266826,12003.221247258918,11224.687894207173,0.4832414241783407,0.05044591475668989,Cluster_1
-1.7851507970243998,-0.4733511401117485,1802,BAÑOS DE AGUA SANTA,18,11857.585740621684,11792.678671325992,9088.965055027058,10450.688956928612,0.534845138533885,0.06861292202186774,Cluster_1
-2.9645058963702495,-1.048744265455723,1803,CEVALLOS,18,2230.1785714285716,2159.848214285714,2082.9464285714284,2522.1473214285716,0.547686422546462,0.05800448067502892,Cluster_1
5.02202639469112,-0.6134099538490809,1804,MOCHA,18,64214.28504736393,63881.996306972585,53156.9230870021,50834.336812834845,0.4888327813491041,0.059143937983755036,Cluster_2
-2.639063272862549,-1.873194327865125,1805,PATATE,18,4405.961538461538,4181.173076923077,3906.817307692307,5319.067307692308,0.5765373760281483,0.0524709950682236,Cluster_1
4.63707698453598,-0.5249778723946239,1806,QUERO,18,62116.45048868313,61903.231371252194,51237.39283877131,48384.97549235743,0.4856838509553753,0.0590822511142286,Cluster_2
-1.722341519280039,-0.8082672091396974,1807,SAN PEDRO DE PELILEO,18,11603.490208623576,11457.868521594415,9259.641347546694,10692.864313874356,0.5359158641688512,0.06129441299125318,Cluster_1
-2.5702002789136023,-0.5878528278362508,1808,SANTIAGO DE PÍLLARO,18,4123.801125703565,3971.59287054409,3942.170731707317,4459.076923076923,0.5307636563406891,0.06180021059143141,Cluster_1
4.947515532142207,-0.5860537283196562,1809,TISALEO,18,63803.02330283526,63546.95055595829,52812.780938337506,50292.46852803772,0.48777796269664375,0.05914942149288338,Cluster_2
-1.54720570640772,0.07261876804691864,1901,ZAMORA,19,11330.835586123858,11210.424075060391,10549.71046934622,9207.257922733792,0.46602584667922586,0.049985587514399785,Cluster_1
-2.663162387817703,4.345675496685316,1902,CHINCHIPE,19,1598.549497027892,1597.7660608139004,1666.653034979424,1016.1414609053498,0.3787623175998171,0.10884501841225283,Cluster_1
-0.7525167092482514,-0.32759214073909926,1905,YANTZAZA,19,17442.94412209633,17312.19221169726,16122.908581735976,14009.611831952569,0.4649332893370682,0.04179048067198152,Cluster_1
-0.7373992029608877,-6.052073815512363e-4,1906,EL PANGUI,19,16649.967919204177,16578.882224738496,15695.296891124874,13604.949976934136,0.4643288515007449,0.04887486230099956,Cluster_1
-0.9518478642624115,-0.15943267250468068,1907,CENTINELA DEL CÓNDOR,19,15534.17856639121,15507.440648231115,14425.834860364395,12536.127938321384,0.46495605798152195,0.04533977676427951,Cluster_1
-2.6788781573807103,2.80926044735941,1908,PALANDA,19,2278.6172839506175,2277.0504115226336,2324.731052812071,1598.1724108367628,0.4073952942370509,0.08547187774235518,Cluster_1
-2.6663125672526724,-1.6359705080340314,2001,SAN CRISTÓBAL,20,4295.7,3917.7,4219.425,4447.575,0.5131619937694704,0.02866043613707165,Cluster_1
2.3460406885111436,-0.7297956651152678,2003,SANTA CRUZ,20,32805,26629.285714285714,34568.57142857143,29278.571428571428,0.45857293088403106,0.03291343163358915,Cluster_2
-1.046032655507529,1.2625792837995633,2101,LAGO AGRIO,21,11945.718712248789,11621.626919144546,12137.541084373108,10208.033925367905,0.4568257438404677,0.0737359210252034,Cluster_1
-2.14725076308884,1.7293293512940957,2102,GONZALO PIZARRO,21,6275.085060092898,6134.5133378985265,6037.411738538419,4820.824064790788,0.4439785755355111,0.07735473457605321,Cluster_1
-2.943467569344066,0.7936502322956073,2103,PUTUMAYO,21,1622.0191742413965,1594.653173472618,1575.6269042814183,1446.5599604870438,0.47864676316031457,0.06997148222005786,Cluster_1
-0.09590007124400216,1.6195033990703775,2104,SHUSHUFINDI,21,16553.97919745142,16281.99125348894,16974.084664691145,14016.16449286588,0.45227659905561024,0.08148976553779333,Cluster_1
-3.1977270866946985,-0.08073219233838283,2105,SUCUMBÍOS,21,885,885,718,428,0.37347294938917974,0,Cluster_1
-1.4881117541309599,1.6271474878717105,2106,CASCALES,21,10466.890112670915,10298.647225126111,10075.66734285809,7961.989879944908,0.44140931283911156,0.07478801176687858,Cluster_1
-2.7226318547058734,1.2511695607377262,2107,CUYABENO,21,2742.0956729382524,2669.5109384396733,2706.76991469632,2263.442493295092,0.4554015618438742,0.07043048210538655,Cluster_1
-2.185695052329088,1.0156167612805285,2201,FRANCISCO DE ORELLANA,22,5973.854504321792,5762.413257594023,6034.375476312632,4920.019128841168,0.4491365617344483,0.06273472033262185,Cluster_1
-3.4743248644109768,-3.922668717541012,2202,AGUARICO,22,650,645,572,765,0.5721765145848915,0,Cluster_1
-0.22673862991597812,1.8277453297364183,2203,LA JOYA DE LOS SACHAS,22,15443.62537176113,15259.415568767785,15798.884705461767,13332.900536958585,0.4576753681934959,0.08861049969760745,Cluster_1
-2.0056959504083514,1.4813353805197913,2204,LORETO,22,7553.222608024691,7519.148233882031,7342.528910689791,5641.221291397218,0.43448319657986395,0.06733472628008307,Cluster_1
1.153783898818858,0.7487256896197876,2301,SANTO DOMINGO,23,28701.51075401575,28340.801050566253,26114.768183347405,23468.071382857743,0.473310354715005,0.07342479780195935,Cluster_1
4.98418944660386,0.07296070565195038,2302,LA CONCORDIA,23,55278.77419354839,55008.8064516129,48187.16129032258,45970.77419354839,0.4882304816615597,0.07283198853265072,Cluster_2
0.7821066683427434,-1.6270812562239347,2401,SANTA ELENA,24,30937.57861953121,30626.29645977123,24789.3785395819,27721.52482345029,0.5279194043149201,0.04475884781828404,Cluster_1
1.797712194016926,-2.2015695479708923,2402,LA LIBERTAD,24,40053.59383656651,39609.45564381327,33190.75878846682,34964.87813557921,0.513015206277725,0.02797608909999643,Cluster_2
-0.6402230783891976,-2.2934873593880556,2403,SALINAS,24,21776.85116962351,21532.53968594079,17214.974809557596,20065.850592676114,0.5382351483954498,0.030905489046467078,Cluster_1
