canton,name_es,provincia,viajes,viajeros,monday,tuesday,wednesday,thursday,friday,saturday,sunday,weekday_all,weekday_morning,weekday_afternoon,weekday_evening,weekday_night,weekend_all,weekend_morning,weekend_afternoon,weekend_evening,weekend_night
101,CUENCA,1,17249.478298281858,16919.901049942153,12807.250901451964,13120.113642065924,13049.407684962973,14024.442116026732,15091.540587605363,14922.60671121814,13258.425547351537,16618.537539105586,7474.715762055896,7955.8947034753455,6824.458694947736,1566.7480987268484,15494.884944731119,6579.528872214873,7098.6497809590555,5578.483447530341,1223.0562464270529
102,GIRÓN,1,14927.527996486662,14861.52509728171,8306.066365023375,7670.379048738837,8117.787876879146,8683.059228115115,10667.85450872736,11677.141814338904,13274.716160486829,12622.931146944373,6052.552892556199,5569.233372001064,5792.349365569273,935.0665373659753,14292.453908415218,5853.808585110998,6048.9960072506365,5808.324409136083,921.8641222950085
103,GUALACEO,1,4129.53795820957,4035.988959455864,3059.1819611879932,3139.2732039493094,3222.496261578181,3368.501894956675,3954.489673691533,3902.3748741993695,4856.053223054194,3680.910147894094,1628.254252227737,1575.7472523234876,1283.166909285979,261.09732744544135,4538.08538082314,1661.840683725629,1865.6375372974924,1545.5303869701227,296.1385537938987
104,NABÓN,1,16034.737759502494,15944.003105319554,8508.356946580943,7893.803960576658,8703.817226593828,8911.909829868919,11001.589541507252,11692.651864835192,12145.756937870601,13886.956506626433,6507.468310785048,6121.447328718495,6575.145807037957,942.3717977162465,14117.349635644698,6031.981804421568,5712.38777051368,6013.489029076111,928.4992209994872
105,PAUTE,1,9035.49293552812,8872.282932098766,6506.962938957477,6387.819958847736,6770.334238683127,7068.1237037037035,8650.42841563786,8307.614108367627,11404.413343621398,7856.988100137173,3389.3432270233193,3402.115500685871,2819.450720164609,720.2540260631,10174.792489711934,3665.8502194787384,4365.319375857339,3280.478892318244,781.4453703703703
106,PUCARÁ,1,8323.486666862467,8270.393201754387,4648.81210447995,4188.52676270755,4253.08300095943,4868.259844924813,5800.8606364544175,5852.856937265037,6915.715404967497,7092.890288954809,3876.030029419251,3217.62264939693,3578.8786017778825,527.256388774671,7557.0272715480105,3282.6830805039945,3200.1793893914473,3603.3751333901155,423.15060380443293
107,SAN FERNANDO,1,93.56521739130433,93.56521739130433,58.28260869565217,60.08695652173913,59.391304347826086,45.82608695652174,86.1086956521739,83.78260869565217,86.43478260869566,75.67391304347827,31.32608695652174,42.21739130434783,37.41304347826087,0.0,101.47826086956522,23.58695652173913,45.19565217391305,46.17391304347826,2.0217391304347827
108,SANTA ISABEL,1,10129.266595797797,10063.293499794641,5548.752090329621,5079.014996214958,4999.911616253131,6049.46851267989,7014.737800790027,7300.458654457893,8499.172278796517,8614.15537546407,4562.0885332358885,3959.422367382603,4173.032274024949,589.9408043616567,9196.794477261563,3841.4566295611767,4060.6230732526387,4041.5414698646237,519.8012510771263
109,SÍGSIG,1,6230.182066263175,6144.841108640849,3681.5051577515537,3783.2311354267063,3883.4086898042765,4067.992876895352,4730.881752633432,5240.064645148946,5690.577216413153,5410.9912810822425,2637.487544980761,2452.61275582524,2340.0843727468737,316.1469962827049,6070.545739169912,2713.468812937633,2465.210407685959,2466.8938047700503,343.3528875631784
110,OÑA,1,14866.439479023778,14823.407475280064,7681.416445187471,7032.607142346821,7816.939743369913,8028.944665923639,10052.061317586877,10632.53555812757,10680.368366340877,12861.513617398261,5974.584383573388,5618.5611782693195,6187.173893318472,847.8676911865568,12780.807023748284,5404.981531492912,5102.438689557613,5597.562842935528,817.18053054984
111,CHORDELEG,1,6127.395550013102,5850.983292960201,4888.661747961865,5146.885317283242,4997.6002579542155,5230.9772467294215,5752.186495098559,6139.970173020123,7044.154487659634,5560.380028491391,2559.579682265216,2038.7917487852646,1736.9429364282526,199.84581890170912,6780.544978193197,2576.464818710468,2476.434092188861,2227.6178045515394,260.4940265913743
112,EL PAN,1,11311.871247881869,11199.15140855725,7997.688748184458,7936.54151537158,8451.76063604454,9075.129886831275,10667.804035039942,9375.551341987413,13459.553316388285,10071.274184519487,4625.793020757686,4323.3550063543935,4168.954853546356,745.6493736383442,11940.562545388528,4755.308664669572,5224.31901325345,4236.391574376664,1057.828529714355
113,SEVILLA DE ORO,1,9066.212577160493,9035.566229423868,6126.235339506173,6275.651877572017,6684.046939300412,7284.701903292181,8474.166152263375,6917.885288065844,9942.510673868312,8208.200102880659,3818.42566872428,3650.628086419753,3613.809799382716,629.3621399176955,8942.093878600825,3433.089891975309,4102.651105967078,3508.6499485596705,922.5450102880659
114,GUACHAPALA,1,6104.2775325511075,6003.699568171974,4259.24814908532,4074.0112606421094,4311.755275237,4559.635410939504,5522.0528773262695,5340.46412974209,7701.5400573341,5219.735956998385,2398.3845810216426,2228.6574667616337,2006.9187909231769,409.4267896861099,6778.675995693175,2798.8860497784112,2833.2767338723115,2131.621681890505,496.0038892637577
115,CAMILO PONCE ENRÍQUEZ,1,60341.994525950366,59820.19434814063,36974.414892092755,35786.87231406317,36637.63833338031,38386.869368575826,44220.460811394856,39580.917922139546,37860.61483877333,54866.7780244095,22668.350227605843,24651.643246049196,27208.381131734222,5508.6902059022495,45839.67366043745,18065.335825488095,20062.77782358081,20290.88307660146,3629.37217547964
201,GUARANDA,2,26562.03038663851,26324.899686971115,13452.093860091962,13933.531198780824,13736.920324917055,14508.357407343807,16943.31903226992,17500.14905663628,17438.122093147296,22764.279002506566,9450.709926295265,9464.919459372952,11913.512210588162,1178.5348074164733,21236.645442406778,8284.842444659005,8884.328731868109,9840.748243255228,1168.798707348526
202,CHILLANES,2,36122.59228200948,35953.025118409816,14964.742740119575,14213.598357791756,15047.258235305535,16056.46404029816,20267.45540220514,19873.392169423092,18739.459197142638,30459.580494409503,12834.178813378368,13652.314455703083,15523.796184680488,1810.5080945725601,25469.48774167249,9726.975740546628,10260.055254678158,11727.393775720164,1351.1602511840981
203,CHIMBO,2,29388.417792452794,29312.21636725376,13305.76538949867,13783.188471568066,13570.86682970209,14470.189869537353,17171.854861305525,18223.523099029382,18847.087389319808,24582.70652062782,10417.218941271565,10823.259890941472,13417.428657020862,1383.6469240673039,23032.096541364062,9276.895812061877,10160.040890430042,10788.482862067638,1410.8294910906905
204,ECHEANDÍA,2,21962.700110703092,21455.134829201837,15532.808232549085,13810.91961932279,14727.672335428493,16206.135211718885,18587.78700934562,19761.80517522879,19851.552543605376,19728.20143535415,8732.940177775774,8980.845287264825,9299.626916027104,1638.3402677650618,21603.47310490573,8969.98393553563,9460.204353591562,8815.521822871297,1165.8681513021536
205,SAN MIGUEL,2,50539.69915018476,50275.552399586384,28265.704312589234,28389.789120895268,29550.513340367008,30903.287203693206,35655.586620527836,36628.53153344671,37116.29507852524,44377.334114124045,18146.76433505501,20249.517088162425,22173.739715870917,3547.696443006215,42986.86835343705,17379.29335291215,18774.628914451583,17625.922040343914,2822.1432009532205
206,CALUMA,2,1368.111111111111,1201.5555555555557,1218.2116402116403,1204.3915343915344,1338.904761904762,1110.116402116402,1312.7407407407406,1419.571428571429,1590.904761904762,1262.126984126984,538.6613756613757,476.4179894179894,486.7883597883598,75.6984126984127,1523.920634920635,608.010582010582,536.3068783068783,552.3809523809524,59.22751322751323
207,LAS NAVES,2,922.282608695652,897.1739130434783,765.554347826087,760.3260869565217,778.0869565217391,735.9673913043479,861.2934782608696,900.7717391304348,973.4565217391304,872.25,361.8804347826087,385.0869565217391,349.29347826086956,37.09782608695652,977.1630434782608,441.5217391304348,357.9021739130435,345.9347826086956,28.456521739130434
301,AZOGUES,3,14876.982124104103,14656.91543532705,11084.482591711452,11061.609913972203,11482.481670187082,11521.803250663075,12784.323501198825,13472.33622542693,14665.005407824523,13567.145768801556,5787.862122970157,5702.3586167660715,5169.3952929484385,1076.2593353757502,14918.582746864648,5480.002420050474,6570.192951469231,5065.399300681319,932.0648967163869
302,BIBLIÁN,3,27428.88484415121,27276.633246517533,14139.04833952486,13836.981142111368,14431.92980448249,14547.68327736042,17425.7616160804,16459.43057936597,18423.381399673654,24191.36014262971,11457.02630132722,12660.987179506095,12990.718148223556,2137.7266151820772,21599.46390173258,9406.51817972215,10367.837843910895,10646.435200635317,1323.6222501635993
303,CAÑAR,3,20192.014285401743,19930.509784089085,10426.26989745166,10291.642665896792,10468.043747223745,10801.894265074854,13030.172153999745,12400.226928493095,13597.19053355322,17676.66693147013,8147.812911508787,8655.547294723316,9078.689806022188,1365.9867471849748,15989.087379257153,6731.622721269571,7167.781444552448,7459.843988377117,889.6532390237553
304,LA TRONCAL,3,13680.08690129868,13277.966507787676,9856.704816808315,9719.489988469753,10131.92258811473,10379.254290784618,11890.157174298067,11413.7947452727,10162.79482992134,12811.726304791213,5341.08839031339,5422.7602872644375,5228.538249566238,871.9395855121592,11920.710726736148,4857.906006898113,4789.795772776996,4324.832847930967,690.5479354746936
305,EL TAMBO,3,29570.639001977554,29366.290083425407,14405.336475797027,14321.478574202176,14735.948490616642,14974.001132888183,18283.352134073113,16872.983409993434,19661.87030732094,25778.113316840405,12161.402533586332,13273.688110478615,13878.762181550335,2115.2272261452977,22968.478401066433,9915.956491889641,10710.974346887959,11383.272348521241,1258.91243234696
306,DÉLEG,3,887.2941176470588,860.1176470588235,920.4117647058824,860.4117647058823,788.0588235294117,846.5294117647059,898.6470588235294,860.3529411764706,933.2941176470588,878.6470588235294,422.88235294117646,278.3529411764706,229.7058823529412,54.76470588235294,904.0,321.47058823529414,347.4117647058824,274.4117647058824,51.05882352941177
307,SUSCAL,3,9168.435376774167,8927.905087343579,5558.453585600907,5428.107581149744,5429.17114669942,5868.074556983287,7018.855775489207,7673.800353783488,5875.014279940372,8198.962277966742,3972.602983014194,3424.9479140421604,3364.7026171579746,499.5487055933484,7761.423243680189,3359.8268009364238,3007.79225718065,3020.2927427143695,359.0001102292769
401,TULCÁN,4,5623.75699064698,5338.65899531789,4510.45471262796,4429.146430160432,4551.565898361597,4832.194417147254,5022.084479808012,4718.9977357987245,4205.948119255706,5471.628053774676,2273.617513519692,2050.7184169618904,2203.4797754508672,267.3930591215426,4852.567597188786,1789.2598667238042,1796.9719866235603,2004.086872533556,225.92637690918468
402,BOLÍVAR,4,17140.936177449457,16860.12371469451,9876.50493532011,9663.181464896896,9846.737571398053,10579.053767793293,12116.106821606061,13541.61625163035,13398.31596168117,14639.145018158715,6587.378461681172,5815.3787406676565,7782.648060306055,883.6382283163553,15768.28776928872,5904.321353780161,6127.615664845172,8078.252329572286,753.7579774674492
403,ESPEJO,4,2776.816551657443,2678.364312891216,2318.8796529650463,2180.302213909254,2350.842046660885,2261.6184113657964,2524.168392024467,2656.720122839389,2379.3436506598873,2610.856873062941,1021.8533810165873,799.0425166171575,1215.19824870258,139.81054567713966,2654.549872101434,902.4598681307556,843.694416793073,1232.6025256528649,144.86548880602254
404,MIRA,4,2477.796794479665,2429.7384884884887,1821.429716753791,1668.8092652838022,1804.9642976309642,1659.5023403032665,1907.0325626552476,2232.0224738627517,2036.4478668483298,2187.71805370185,977.7615949282616,719.1439124309495,1157.322560986913,157.0463009305602,2361.5393796574353,896.1365485856227,817.0960659733809,1199.2966345975603,151.8381043080117
405,MONTÚFAR,4,14175.72977798652,13887.553781236953,8338.045942178089,8200.541320003578,8144.458269964812,8970.948086270651,9902.123128764835,11178.114111796982,9950.9889328741,12367.269603238505,5748.995944414623,4915.884874306674,6568.150049203793,668.0771418560267,12420.218789139379,4835.832174062146,4800.331253354804,6441.461009721476,532.4145195920559
406,SAN PEDRO DE HUACA,4,13294.957739791074,12915.481283634062,8178.272396327952,8242.735675846787,8366.67260208927,9022.37992640076,9767.059591642925,10531.495192307693,9858.290875276987,11848.952892529282,5427.719650205761,4490.347815764483,6091.962211142767,597.8897594175372,11769.687598923709,4558.569602722381,4412.525660810384,5788.490800094966,523.2869974675531
501,LATACUNGA,5,38697.65708807467,38605.90201118724,15450.114041896979,14239.62628399475,14244.473878871126,15152.703229316297,18120.527887746997,22324.912585559196,22150.349959509706,30716.850556300265,14027.761473885412,13644.439890896852,18649.28828810446,1349.8551903871403,29968.39272074934,12556.964169595869,12612.611235356744,17361.86064731517,1041.179421408003
502,LA MANÁ,5,35720.656936387524,34210.1887330185,29271.3461187342,28678.8172139174,29445.728186821358,29171.15614897863,31362.584720982693,29698.512948398533,31289.125721094257,34071.853465404834,13277.440653354157,11860.03077929,14580.367538673214,1512.0199368461501,32574.12985522336,12131.252321322327,11542.440794660122,12440.023015828747,1347.6965739501215
503,PANGUA,5,815.1266968325793,770.9185520361992,694.1199095022624,750.2488687782807,722.764705882353,740.3891402714931,886.9253393665158,861.6764705882352,819.2669683257918,782.1289592760181,301.8846153846154,228.42533936651583,280.01131221719453,52.64027149321267,850.2895927601809,300.85972850678735,270.34841628959276,326.1266968325792,55.334841628959275
504,PUJILÍ,5,10409.579892618312,10309.723041087962,5651.183105709876,4855.704192386832,5001.789548932613,5240.6397498713995,6296.785229552469,7473.714983603396,7484.956878858025,8608.803599537037,4058.32993602109,3785.579201388889,4521.826988811728,444.8955552340535,9039.131833847736,4080.3866820987655,3510.748405992799,4570.072400334362,377.3156671167696
505,SALCEDO,5,36923.10422030313,36813.135427541776,15105.897380027469,13891.690907077143,13798.69258121068,14909.505021239196,17522.50068016954,21097.55855866985,20877.006953841385,29553.72810977485,13328.692567590397,13050.933687587423,17817.193251772118,1399.55367701217,28294.777046294606,11639.016921038672,11799.946494455595,16268.288572539312,1018.2985519842958
506,SAQUISILÍ,5,7353.741466226763,7318.298276748971,3610.76123793813,3313.3664573577407,3532.813017950901,3608.3273547254153,4303.034709805591,5374.869575705974,5325.414908826451,5972.1355798566765,2948.146201397758,2766.5834397616004,3390.165759365688,314.1467024975167,6533.33820420037,3077.3910493827157,2789.331240244075,3622.836809103165,288.6100556974599
507,SIGCHOS,5,12803.821234508774,12631.169019913912,7818.061200688237,6594.590226041814,6935.185409867084,7338.148284139824,7972.691001785629,8617.633938496287,8868.606528782933,11195.275904935907,5339.782716345017,4638.7850503760465,5837.444803639846,522.9314794120429,10449.461530615865,4817.969696029043,3782.7101751336268,5058.927520871765,403.77472092143233
601,RIOBAMBA,6,12344.969357127418,12241.80048481194,6515.695231336613,6133.354119998348,6190.62607771304,6657.154773990678,7767.426436573726,8395.006552748886,7818.372841677646,10563.208273860306,4873.475627287972,4952.960543414339,5257.503532607055,673.4444685736296,9967.337320441431,4132.987277296283,4278.749504087243,4852.247062499854,495.517257428312
602,ALAUSÍ,6,22673.618981610052,22444.264262375993,10580.639814909548,10288.277352390209,10816.380163250304,11315.700493961142,13514.073844277498,12703.249679699029,14178.556904493946,19491.24183213915,8407.210232369269,9081.799051825219,10171.635143461814,1385.9013573493764,17059.000202425344,6791.909690046642,7284.451413993284,8014.201402862091,952.2762651871449
603,COLTA,6,26601.596199936244,26439.910009128846,12747.009600142004,11377.31052769808,11662.334135186635,13671.739358734712,14937.369458572422,15410.89185105489,15846.137216353678,22451.722159551966,9275.221352989336,9586.268523227844,12392.916548209008,1323.5537794151742,19840.416065321973,7452.554115226337,7882.67047922825,9870.973900553527,984.9896191966614
604,CHAMBO,6,3387.9444444444443,3302.240740740741,2830.3333333333335,2762.4814814814813,2889.9814814814813,2885.0,3269.8888888888887,3688.0185185185182,4118.462962962963,3052.703703703704,1309.2407407407406,1088.5555555555557,1047.7962962962963,241.44444444444449,3953.0925925925926,1510.611111111111,1446.0,1256.8703703703704,264.1666666666667
605,CHUNCHI,6,19306.003332769007,19158.37214321682,9756.47278046917,9411.960420465004,10038.98108753972,10058.379870335642,12233.242709364311,11615.408152098418,13482.598063282458,16743.452868503762,7340.13460783803,8141.009621294994,8810.005594624161,1422.5538428313455,15472.272749648384,6302.562768488132,6844.482436708861,7318.433445547048,908.5728948533625
606,GUAMOTE,6,20096.20027201553,19833.155133418248,10350.074938411579,10240.027521450967,10166.187882011516,12075.796421106164,12919.15806120116,11832.379666081111,13462.68912456958,17850.925503963586,8137.404857553446,8422.078433379525,9153.41043871252,1234.4203683874098,15592.946199072909,6611.659242812351,6767.799495569833,7349.943557361216,812.2944162747403
607,GUANO,6,31005.79341276619,30880.713333314605,14513.96552842453,13034.738322296136,13015.63723346543,14414.774356434036,17193.186718250578,19305.874426290506,19843.07091274122,25543.687924975777,11638.832037804896,11997.943902260877,14512.078854934525,1830.5592270778398,24858.74792397069,10053.557053973642,10945.087722460696,13043.308552859933,1258.7584303770125
608,PALLATANGA,6,29513.062210512493,29370.702748964683,11084.687023851382,10114.111525129794,10870.362689591255,11931.926861130647,14410.23018543479,13940.645882440398,14165.628789925942,24541.08071655076,10330.514599991753,11207.300300828254,13320.927001669099,1357.2653081102083,19557.096712159884,7620.146053908163,8284.9852651673,9344.002492522703,997.2934331644701
609,PENIPE,6,12787.941886716966,12620.028963763145,7075.973922610882,7029.121456332876,6754.988240169182,7847.363654549612,8777.529906835849,11220.726694673069,14567.985225194332,10091.688471650663,5362.0715020576135,4466.10092306813,4122.994598765433,1085.1145833333333,14233.765417809782,6126.683227594879,6479.541095107453,4879.581375743027,970.7995970507545
610,CUMANDÁ,6,28039.30899453403,27918.795333977207,11384.317527679797,10854.012495275889,11464.948080698328,12430.230441739453,15270.511296313793,14518.921039532068,14424.37392307746,23683.83584936032,9834.157649299434,10962.60239818664,12654.2528537135,1549.4728709127685,19481.22270994303,7499.094521604938,8403.569202552419,9074.826503492344,1149.403672734526
701,MACHALA,7,11956.08276662507,11724.332641584253,9030.265188684529,8831.934503967334,9236.551677950576,9371.104109115593,9978.118037897037,9142.493253252105,8592.670190285518,11496.95143693673,4553.199840837655,4531.364670808113,4792.744266588302,842.8466616309479,9739.853165739767,3329.7163185873483,3858.1423217263127,3902.552464003631,653.3800330287096
702,ARENILLAS,7,6726.7262307073615,6594.286870996104,4484.90023815464,4714.767737419419,4914.075631183571,4886.836701916202,5035.839811352485,5155.2768739545945,5417.855336347321,6198.136253087593,2773.8387139322476,2423.9840010474177,2718.9867453797597,439.08417017762,5919.017698684079,2412.0308331790798,2400.1170571470534,2405.1285261817525,373.53312444921295
703,ATAHUALPA,7,6473.627186213992,6248.327064043209,4965.795031721536,4666.70483967764,4858.301686814129,4781.083504801097,5623.844435871056,5685.802254801097,7077.56647590878,5870.15249914266,2846.19951346022,2340.587641460905,2707.0609139231824,373.55234053497946,6860.034454303841,2912.5718021262,2788.206972307956,2809.272408693416,345.77802426268863
704,BALSAS,7,11415.1770100797,11162.791669922384,8385.518961296037,9416.602301140803,9853.765552560295,9562.336703000468,11029.529806089493,9425.642125071625,10814.858848387768,11110.8419251706,4940.274349507736,4954.100233760483,4334.070505808199,1602.5986514820024,11026.513351695578,4348.918349872376,5062.107982367037,4300.753311064229,1114.9927397510028
705,CHILLA,7,2619.5789473684213,2557.2631578947367,2030.3333333333333,2032.754385964912,2193.035087719298,2066.245614035088,2212.2280701754385,2477.2982456140353,2897.964912280702,2360.5263157894738,1072.421052631579,947.2456140350876,1065.1754385964912,175.40350877192984,2830.9122807017543,1278.2631578947369,1013.8947368421052,1100.842105263158,145.47368421052633
706,EL GUABO,7,28102.39257637017,27692.804150998854,19909.470373282085,19352.044027237032,19922.029836777478,20581.73960447794,22050.658208129516,19744.835227335752,18767.209925071824,26605.784903164622,10430.84995507637,10434.679691746254,11969.470117466974,2236.8022479839824,21717.122649135363,7512.392977771123,8471.142706010893,8854.81436141892,1471.718718456402
707,HUAQUILLAS,7,6598.501440662229,6061.270933497671,5037.923716270607,5143.069832662872,5225.168193748387,5274.975059928832,5372.498057275457,5379.642978976198,5248.724085024243,6198.212057402915,2387.0341050427455,2246.78205506923,2402.956986860842,331.3596055444813,5768.985579404332,2152.142500453155,2077.07334373632,2167.7151152229417,270.2257653887421
708,MARCABELÍ,7,5269.497267759562,5156.44262295082,3006.431693989071,3736.169398907104,3228.688524590164,2949.9890710382515,3640.1748633879783,2196.874316939891,3181.9781420765025,5065.4098360655735,2685.03825136612,2763.3551912568305,1610.5956284153006,470.46994535519127,3753.2021857923496,1470.0601092896177,1649.1530054644809,1418.7431693989072,191.59562841530055
709,PASAJE,7,7779.421955182504,7579.269294755733,5445.8275173997135,5173.165913149666,5513.033803487354,5502.808521977285,6157.914709419491,5903.826281684772,6210.3626940262175,7175.685314888931,3204.84688230135,3053.063057196705,3272.054956668361,502.49455045740416,6773.631968267582,2655.9107258821623,2831.2197375572637,2817.103565353041,421.8299339040298
710,PIÑAS,7,17338.65295218163,17075.87723735537,11759.112276259124,11486.277249601546,12587.878564789193,12542.233298975721,13926.513340587082,13487.067152317613,14348.57301281033,16045.565938003407,7160.489326185071,7683.106100163225,7660.033144206311,1727.0113745799788,15629.702539676742,6394.734839729957,7194.878274062714,6458.678544919857,1241.7407666317324
711,PORTOVELO,7,11088.978561146016,10802.015398351597,7957.713308389353,7537.70954618252,8516.291940018744,8461.409524198649,9285.468211009485,9371.843704923424,8885.096652136099,10369.838380463667,4566.63028757892,4671.7609396272765,5052.441273536241,879.4548319439141,10048.575298373193,4164.16820143975,4385.258918774419,4080.2482668417665,593.438690672475
712,SANTA ROSA,7,18579.093180077307,18403.407787023618,13178.133890140816,12721.256540944223,13198.495990099136,13453.23271380477,14844.577452399602,13383.290418259528,15753.080148039464,17162.052603778673,7572.534580233035,8132.673862811503,7699.322924197489,1923.1203892705919,16259.382196424776,6529.336026657321,7648.000892814908,6393.516908754922,1652.0481500237493
713,ZARUMA,7,11001.086938443075,10626.199086934157,7999.351238854596,7429.29305984225,8364.259130658436,8120.058954903979,9101.216623799724,9090.36614797668,9806.051748971191,10145.644723079562,4590.221656378601,4379.728009259259,4944.1433899176955,828.1401877572016,10397.353283607681,4233.472886659808,4354.429218106996,4430.262932956105,608.0740012002743
714,LAS LAJAS,7,7751.231833165363,7726.933988410179,4417.152042915932,4507.0610119047615,4406.966301335348,4476.909903313177,4927.90102723188,5144.38626175779,6502.7275106030065,6836.67345101621,3909.184148505081,3283.4832399008988,3928.719114806416,519.2039241622575,6948.9097878348875,3421.936011904762,3214.0006272570754,3219.4391114470477,576.5261925757958
801,ESMERALDAS,8,15936.574613570265,15608.561781765908,11357.277239694109,11219.573655110187,12328.778018416713,12153.44827372529,13529.437141367913,12746.835257807403,12000.872234209804,14987.876568656431,6954.221710370785,6304.21372057399,6516.903617535264,1167.8108323781557,13823.778669925605,5596.420420844594,5317.112851068006,6263.6442092116295,893.7052753440062
802,ELOY ALFARO,8,24267.969978852314,23858.263188728848,15719.611411179698,15587.346936442615,17160.795467535438,16726.734596479197,18873.3615540695,17593.07047325103,17823.891117969823,22531.700960219485,12095.490426383172,10273.316129401006,10240.590363511661,2281.476065957933,20598.607953246457,8968.850651577503,8923.23398205304,8292.367298239596,1377.089277549154
803,MUISNE,8,8288.141894327398,8130.601770963799,4534.587549669738,4674.153450415996,4895.37056644003,4522.716711304199,5520.656098381493,5300.674065687064,5961.734091519055,7300.213290801872,4122.220937705016,3240.737124355132,3730.4771767087136,344.5305645948888,6837.369086598676,3317.9812846663085,2843.3999086747776,3431.8304869684503,299.4981671587046
804,QUININDÉ,8,30295.58745312646,29639.687118216305,18483.593313780162,17814.20956746282,17634.68088911394,18315.966163552483,21878.260237648476,22403.119755680356,23449.66843090921,26492.98117696789,12684.742955268835,11443.449402152311,12719.438234522599,1785.0017812310023,26642.55518911628,11248.161190354062,10853.544246172663,12203.98530534658,1402.62843934133
805,SAN LORENZO,8,14539.365816096311,13924.429274962096,10163.709569254926,10173.308335589489,11980.11829290304,11284.748517255071,11785.435441935602,10820.53425429572,9232.648700454842,13945.125309093206,6872.97283860371,5625.203529528553,6152.863538733665,982.4978038589271,11538.55367347123,5037.261854288499,4295.276336094867,4883.515229496065,449.5608132986788
806,ATACAMES,8,12576.248289856363,12376.147356007708,7034.883102646774,6852.541112561405,7607.626778418661,7493.033452289094,9226.458747488045,10936.567562420862,10892.789284106775,10556.593667681342,5431.414393894428,4577.8389124097675,5329.913160395256,673.5797897447204,12500.54022856323,5229.923308333899,4494.026078939708,6262.710946641611,698.5461588188368
807,RIOVERDE,8,35293.62158184419,35021.25837681817,22460.860858350632,22435.132822830547,26321.8572162054,24390.199173324556,27857.267871652515,25878.27058868282,24482.542946882066,33082.55722698007,18536.95939091097,16638.62923320697,14890.725816093873,4255.469110314018,29170.929112754733,13915.278614069315,13267.134336690086,12607.376899082725,2525.546316571201
901,GUAYAQUIL,9,28926.257045099726,28710.511661011307,16716.63306963916,16089.487208048646,16466.133149251316,16744.963996058894,18569.08639030596,19243.7132113831,18879.849847785037,25182.407011052983,11997.696489861739,11588.477781652144,13035.991809499314,1738.4217048253975,23521.28927533602,10218.782012704583,10946.300495678845,12054.263038650433,1272.1747161413714
902,ALFREDO BAQUERIZO MORENO(JUJÁN),9,270356.29159522173,269056.66872427985,148597.59582666514,149667.4186075865,162742.2564657636,158461.67504000917,169912.94184623155,175621.80124504652,162833.512336153,245196.23489654777,124309.6027687281,129130.88319473022,125905.43040313978,22737.736251619415,210874.90928164535,98705.17398976907,101671.63319711172,96702.23683984911,14582.857350727785
903,BALAO,9,88266.44277263375,87336.40234053499,51168.303202160496,48287.275308641976,48938.473482510286,51976.327932098764,59422.44936985596,52395.08549382716,48444.498212448554,79994.90577417695,34318.307780349794,31763.53109567901,37288.4460005144,6516.183088991769,60990.642811214,25215.420306069962,23870.866036522635,26807.132741769547,4280.453587962963
904,BALZAR,9,51337.37980043791,50637.94535414688,27903.19492732405,27203.403994407516,27985.136545715945,29034.109160995038,32514.016251978475,32062.723273451513,30350.4009814551,45326.11036746861,21879.586356573807,21113.37684657592,22933.56669832225,3673.901906853435,38876.120240318654,16843.192199403817,16674.758779017622,17293.226262794135,2342.7746862139916
905,COLIMES,9,60204.44512540081,58052.82562847851,35577.24407535189,34087.6522519069,35274.71223859357,36568.524619002994,39770.58035339834,41244.25738840397,39020.50196914891,53814.27169449468,25204.426173844284,23944.331837632042,26433.548293568107,3699.036001677545,47938.26940124986,20471.75998745118,19291.43599911099,21152.554058216036,2668.1706349986457
906,DAULE,9,38984.748276508886,38581.16533656511,23574.9064825523,22625.85804385135,23278.563266706944,23486.55355968296,24979.04981220746,27294.752966111395,27617.239570521055,34357.0196804507,17542.823672562736,16760.366402735584,17587.38305937254,2480.2333525953054,33027.95391821853,15202.311869031962,15620.045196094778,15406.892043229083,1830.8163080999377
907,DURÁN,9,41207.5712416402,41047.69158688697,20995.231175777128,20257.68037723123,20820.91563311,21297.889961090787,23645.781346341584,24653.475030884656,23735.986680329534,35770.131946696885,18353.92578198016,18175.071539869125,20161.04363767137,2765.4073865224505,31430.3374624421,14563.748888315657,14863.093253642475,16428.01827362996,1734.3099970173955
908,EL EMPALME,9,38819.276360155454,37746.606049062895,24824.06082866665,24469.741978596383,24566.05481230814,25401.77990621761,28174.356515537354,27430.271183409208,25007.143407997286,35513.83424624851,16419.939011600418,15565.565549887631,16514.231620643655,2532.6827247490696,30789.113758772484,13284.090254641264,12401.418647605642,12835.285049027329,1814.9456088927507
909,EL TRIUNFO,9,20093.712915236774,19678.28128345348,11758.941118625044,11744.709226367659,12291.894530993386,12714.094413844288,14074.833602986617,13471.508082716842,12529.570487398674,18125.813183992024,8143.650122547046,8216.845330671551,8997.374878948858,1333.435216042794,15704.372871496082,6521.945394099858,6865.100144116867,7090.597808193448,979.7164859892058
910,MILAGRO,9,48820.25169269738,48232.914661358576,27605.26649757991,27781.606735351903,28024.373642546223,29670.306406088188,31605.903717575584,31329.803887371327,28544.693824380138,44094.79595365018,22416.180301207303,20790.356192469062,23427.22639482138,3115.7870937980024,37153.853481149126,17087.073599198728,16213.779558468059,18271.259771275334,1885.5828091811093
911,NARANJAL,9,63585.258651084536,63020.963325271056,33939.82123743669,32728.59427408957,33419.7722291881,35286.475321007434,40354.16719693897,38031.48249915915,35378.588776198296,56873.3147206312,26700.868040304817,24943.95542827372,28217.085474825562,4308.890510413369,45388.28547321805,20114.582567292855,19332.31586876451,21202.0530226964,2680.0635792988946
912,NARANJITO,9,23281.97923129112,22814.469406151213,12600.418604474604,13298.597640522092,13092.140027686675,14798.290383621163,14709.30100666021,15772.995901068656,14275.626213236275,20291.465791070048,10388.853711332724,8943.435559044165,9427.961864532319,1131.0563267901532,18168.004567042044,8640.98850203095,7371.557680385569,8140.812477594384,747.8324010005125
913,PALESTINA,9,94091.41500174529,92366.58438586984,54019.96664033412,50328.71427959044,52882.56262171149,54079.434297227126,58869.98251717739,65079.07169113143,65524.50936795757,81707.37688155251,42322.853069732264,39005.1880144033,40926.61673127327,5526.856724904468,79216.33668537502,37434.25664361037,35655.9386658277,34748.430005940136,3766.994199949784
914,PEDRO CARBO,9,66395.70194920388,65910.88751105727,34248.93176608592,29922.56789570593,30533.332034424955,31347.82533556402,38641.68387818418,43879.076398744284,44785.943083519225,54153.11723371217,26394.154775617604,25777.442510945093,25714.75140058716,4230.626884302526,54697.86171212966,25259.837773386924,25327.195548087893,22245.386377927774,3281.26170772278
916,SAMBORONDÓN,9,60264.48974334218,59403.027162473,44187.604007152615,44605.59579949634,46268.57013757993,46656.43288360604,48460.500482806354,46193.47991987885,39981.70014016095,57398.17186075001,27932.796536857204,27257.99407486214,27034.601307360736,5254.554976093921,49463.42790952953,21453.442471557584,23478.527631946967,23574.30280462022,3856.932528134297
918,SANTA LUCÍA,9,65287.424802906986,64518.96605285988,34568.0135292337,31544.442137377988,32490.292443692717,33532.35085757063,36731.53536144799,41150.8397010317,43835.53080267613,55470.6341309596,28875.691415110647,25616.88812215748,29097.245045350064,2899.088474135491,53361.65666022486,25451.553384235933,23328.89885108567,24924.186051413166,2232.8276286533915
919,SALITRE,9,29493.325208338196,28981.7624326122,16296.538085486243,15449.053239719715,15554.570614055558,14939.516573315597,17033.358247323937,19601.297760352245,21296.556496651032,25209.38780314787,13046.256224036733,12606.756433833541,12874.432657996687,1194.01768696469,25109.836616373777,11646.853063422328,11441.076583905107,10961.198280201017,787.4962545800369
920,SAN JACINTO DE YAGUACHI,9,78008.32883869136,77561.66276544447,41808.57895573304,41330.170051436384,43850.106540847926,44030.35561925527,47524.11189441765,48459.38803986009,46391.991830013256,69935.92094142539,36623.20852373151,37372.82126063953,36911.5398492826,6199.144159515443,60267.755975247215,28908.690221017936,29593.499867876093,28524.513270451396,3713.3463425029536
921,PLAYAS,9,16155.99048545107,15796.970817726155,8999.798215093231,8259.443836374849,9414.229424202911,9074.254103160407,9733.119952590116,12699.809816187611,14120.902494996635,13388.571110628473,6781.345821782271,6542.1013195579335,7323.496436870181,615.6041055039432,15657.231623944126,6946.105232415345,7230.142719073854,8143.364104759093,525.9936349591787
922,SIMÓN BOLÍVAR,9,14883.943242319723,14727.911796488734,8500.008883633835,8290.551988039198,8893.025950227473,9228.34682439234,9276.138546570151,9836.15610104509,9150.739820489287,13253.102400178623,6776.305909593313,6146.7799069386465,5562.5258836140965,695.8564136345244,11508.797443526659,5612.481131144467,4728.087615093111,4887.198824890705,544.5128724181149
923,CORONEL MARCELINO MARIDUEÑA,9,7458.841666666666,7149.425,5879.633333333333,6083.104166666667,6310.083333333333,6005.766666666666,6485.966666666666,5710.7125,4698.854166666667,7307.541666666667,3408.4625,2850.5041666666666,3338.758333333333,421.68333333333334,5816.558333333333,2508.0958333333333,2236.383333333333,2439.804166666667,327.35
924,LOMAS DE SARGENTILLO,9,63392.277454343945,63027.77436461259,32892.27334408502,28547.401550274644,28859.631156281463,30098.972171444213,35414.09205997545,39007.77191678147,41932.25560986595,51965.28899364613,26490.339915708508,24747.04227489889,25399.923823054098,3816.864848262068,50739.01961576502,23966.815159774105,23531.02194161854,22100.115440488178,3437.4154248132254
925,NOBOL,9,86068.89571136667,85584.31860522201,48172.06419235111,44608.607627023935,45690.406029796606,46789.4952813194,51654.36593019732,56727.575834553,61604.0642535896,72999.36549017327,39061.691802386464,36771.777299479676,39864.45158536237,6001.452198257561,72451.7548685873,35495.765533652586,35401.93165019352,35572.62067605249,4449.225881732152
927,GENERAL  ANTONIO ELIZALDE,9,26298.45772605167,26107.95096736397,10971.566986739826,10479.026391746685,12028.737511431185,12000.466370884773,14151.618055555557,14239.444037208506,14066.070130315502,21947.607817501146,9797.397719478739,10369.027677754917,11042.916516632373,1294.4797025034293,18783.99864969136,7921.765532121629,8258.840542123915,8610.95102451989,1044.8276105967077
928,ISIDRO AYORA,9,58725.59870329912,58311.708545018955,29696.032832946086,25776.471503358072,26179.331729435424,26944.89235099644,32650.726472551672,36435.151387010446,38415.24130138253,47842.273476152484,23783.594711616268,22738.085437907474,23256.28408716535,3512.6814723782772,46998.76602958686,21891.240103516437,21707.419558740232,20187.330364677255,2891.1777790782357
1001,IBARRA,10,12695.796968243172,12580.630890038534,7306.656439975509,7280.969463230395,7488.857914581301,7744.266550869316,8852.529569873683,9906.758006442182,9797.458828326728,10884.867041225223,4936.509511849288,4500.89044396069,5271.892257940847,579.0380778468492,11496.526443010698,4484.842710507983,4827.660559639824,5374.153268235742,509.17219969222833
1002,ANTONIO ANTE,10,15176.882353734587,15011.131149584384,8978.365140991153,9050.434040800646,9247.409199679638,9322.209004708697,10623.346137835897,13630.316738013382,13939.415412285403,12528.165157176716,5928.4652173144605,5854.70830403188,6079.262155917219,745.1201078200464,15535.800722676162,6458.8343260944785,7602.849910746842,6905.995462460652,744.710738145469
1003,COTACACHI,10,4047.052427184466,3891.8815533980583,3706.532038834951,3606.1320388349513,3690.054368932039,3687.788349514563,4111.4,4475.570873786408,4363.559223300971,3814.056310679612,1432.4563106796118,1221.106796116505,1166.9650485436894,170.8407766990291,4447.225242718447,1428.7009708737867,1609.3864077669905,1369.4407766990291,196.58252427184465
1004,OTAVALO,10,15563.636869160828,15391.399198677844,9190.795778938662,9186.024579788123,9671.269941643031,9335.613286376652,10710.822990872817,15021.744739878768,14004.36733799772,12859.381642927648,5989.77613759593,5861.450717036481,6346.601025330886,751.2694025622844,16250.672559886274,6709.040936248748,7778.692602150762,7311.391388089479,813.7805701534868
1005,PIMAMPIRO,10,741.5086206896551,738.0086206896551,654.3448275862069,637.7155172413793,575.6120689655172,698.5431034482758,693.801724137931,797.7758620689655,752.4913793103449,693.4051724137931,349.4396551724138,314.8965517241379,367.5258620689655,67.43103448275862,804.551724137931,362.6034482758621,354.0344827586207,433.13793103448273,56.22413793103448
1006,SAN MIGUEL DE URCUQUÍ,10,4057.57225433526,3875.578034682081,3722.410404624278,3953.300578034682,4032.5375722543354,4028.4046242774566,4256.231213872832,4271.43352601156,3906.8786127167637,4016.393063583815,1577.5606936416184,1238.7167630057804,1213.450867052023,209.65895953757223,4107.312138728324,1304.9884393063585,1480.300578034682,1246.7341040462427,240.3121387283237
1101,LOJA,11,7313.8592712596,7128.56278274088,5742.568490246603,5576.104585648099,5905.332120681321,6017.960398051808,6675.111278501542,6368.022003934574,5507.678265475944,7096.87570382295,3132.086979455856,2965.530662886078,2881.2465109698,420.4255708264393,6429.046616203709,2456.2472404303703,2494.6484939691786,2650.250793507666,338.92310999588705
1102,CALVAS,11,8149.424907272039,7887.7596450617275,5428.619197357893,5390.45562820374,6383.594410489314,6054.434306412894,7183.715175498762,6168.965322900874,6957.5725737311395,7843.254610640327,4127.004019527772,2874.8107240301542,4057.0541465868896,370.82704542993287,7478.522865188735,3173.184109375376,2163.345227217349,3610.4430433723196,236.42156365063897
1103,CATAMAYO,11,8762.02511804145,8669.642944215957,5706.493475944426,5357.918647078948,6107.04325902121,6012.693713602651,7023.11792310058,7511.893397827967,7423.750630297189,7859.777724846278,3896.589928261577,3690.834499223245,4286.794032326016,708.5842692194695,8292.643325608868,3503.951509949708,3641.090255595356,3667.229982501806,518.6560108405058
1104,CELICA,11,7178.64626438424,6735.052831123304,5899.119339182289,5939.55881582457,5806.371177697759,6358.104638203018,6658.750026196463,5689.322316529491,5947.855759887974,7016.680476966164,3102.79196197226,2015.2867298239598,2804.771221517299,403.778970907636,6290.773991197988,2617.7230605090685,1775.055291209419,2388.843938138241,322.59918457552203
1105,CHAGUARPAMBA,11,14994.308818561514,14873.659751013452,9645.348059087279,9447.04464367975,10979.779117529635,11000.176649545481,12661.30951338984,12607.835431254221,13087.93231949819,13725.244583410109,6297.048474832627,6751.64947830293,7040.534380566304,1645.378854185861,14266.40044376881,6092.335792104294,6710.953471454456,6013.249959692279,1066.4490740740741
1107,GONZANAMÁ,11,4399.091287407046,4314.245567783914,2821.905789744423,2802.5098199137246,3204.7585993339835,3145.070655999567,3723.311517444589,3497.976202079272,3868.602186890838,4068.3087209407263,2222.1685437874526,1740.086675826655,2238.4495501227348,277.8818124593892,4198.58438244531,1837.2414627102737,1559.991381488701,2010.5577350010833,190.7983155548336
1108,MACARÁ,11,10514.347696895178,10123.887076976478,8605.11545217304,8679.564028572384,8920.0191813878,9625.672805003514,9856.855575002512,8158.357132849877,8476.152940881262,10510.866100404832,5034.028836904882,3018.232231130182,4107.780232694302,812.5401485496336,9025.701890745759,3655.3765599384387,2668.4811751396833,3423.0346019856806,442.1615916390645
1109,PALTAS,11,5554.100677563539,5465.2242089246565,3745.3092673336864,3742.80866492023,3866.6639633178443,4068.739246206877,4845.676470922447,4686.893802707763,4977.402820881452,5108.204260992147,2339.2279971858597,1912.1912577772362,2272.513551052232,519.1886822097752,5308.758420294586,2026.8510449554387,2107.114123123761,2085.5175214524093,366.37331764556257
1110,PUYANGO,11,6126.741676295661,5651.97044494833,4501.811280541673,4566.285766512322,4675.728919339414,4719.77639968645,5164.700976793657,4746.304277961009,5420.166632252362,5771.852436427606,2770.757982774852,2039.794560214399,2573.3726592429925,259.3095040273501,5584.9065101230635,2459.9492394847643,1867.737538866546,2228.47478366315,285.24537475249747
1111,SARAGURO,11,11069.493056599764,11007.615071342181,5846.918762258107,5424.654807220842,5901.373123692468,6102.090840742678,7597.5703594894085,7963.314288866371,8145.901046025105,9577.700071097019,4488.643521182008,4147.321023061584,4593.646535041841,616.3299367481695,9608.739723620554,4066.8452458976203,3798.935490079106,4248.902532524843,590.3191214206329
1112,SOZORANGA,11,5107.534709477996,4946.516789938087,3564.6637065306045,3539.624917741816,3579.490892512884,3810.156399455011,4016.1914877840804,3500.4152057149745,3702.276615736106,4873.6835365458055,2447.411258480703,1534.8215773644015,2267.121897360323,336.9972287101917,4228.736010315872,1778.046662403144,1207.7199757627998,1854.5879571701332,193.56516238460685
1114,PINDAL,11,1300.8411855482934,1244.5572198015007,844.9872155652384,1100.0535887194385,1076.4149872912128,1024.644274993948,1085.7277444928588,1218.5727124183006,1077.0195170660857,1250.4286946259986,572.3925351004599,393.1423384168482,676.052968409586,49.85687484870491,1177.5657528443476,452.473311546841,417.54865649963693,522.8949406923263,35.39908617768095
1116,OLMEDO,11,11763.141773221636,11660.549143885952,7716.107937426514,7449.278691762199,8430.620108575838,8664.286793614052,10196.210795120518,10119.886183678716,10365.125468474427,10791.57165362287,5043.158785273368,4976.03493808789,5348.160470862728,1232.0380474720753,11252.329608502352,4749.9655900940625,5050.375652189889,4586.748061801881,801.8364886463845
1201,BABAHOYO,12,61758.38726844813,61214.21527613194,38052.86730399564,37974.47195001297,40754.15810877073,40693.461706292896,43451.44652449212,42475.4338456966,38470.82806122442,57203.187352552864,27260.333854646626,27861.033886036224,28367.870455135984,4733.461316895894,48506.17341154088,21586.402683197364,22119.714838756583,21974.239521668173,3201.66224163358
1202,BABA,12,24937.05658848047,24216.86590015137,16752.652345896586,16750.226609336343,17065.71674662452,16820.086457789406,17573.219175392875,17358.75237021807,16758.85158540338,23187.51297916433,11242.536327051706,10351.35888996898,11167.263877116668,1232.9776785880795,20090.753899246887,8972.199895953776,8567.970736474768,8584.306135036304,813.9601377077815
1203,MONTALVO,12,41490.81990692815,41022.684518218186,26252.00531896199,26207.08110478491,27783.868150608338,28037.872554986836,30222.150073965444,31290.148033925056,31404.09068674437,37648.87496645196,16142.315669491092,17283.208201537458,19088.599619309614,3148.3749049472176,35842.7809185134,15330.158685428009,15669.153336911791,15305.237925900365,2373.611303612964
1204,PUEBLOVIEJO,12,110091.44961343787,109297.91607304093,57816.24546587141,57927.91634326544,61040.38400314286,62253.760660302825,67722.56389670262,69907.7956147662,64602.51070588286,97901.61697791323,48519.33928912505,47374.86569733117,51478.67204945218,7865.776145578301,83961.01359587436,37411.58386835617,38062.48982588425,40431.24927723082,5164.070500382004
1205,QUEVEDO,12,58349.31223532686,57711.151718319314,34563.98370526787,35512.35003663175,36721.81160277745,36979.0886415238,40018.5963434365,38085.4205876883,34388.70064481823,53781.037041820935,24578.518505282176,23353.202839968435,26479.770318379087,3510.7689657456854,43717.37621605046,18107.548174096755,17938.720181742396,20326.84417371082,2485.7340645976583
1206,URDANETA,12,6713.526086956522,6380.773913043478,6311.178260869565,6212.282608695652,6570.04347826087,6747.517391304348,6964.760869565217,6375.091304347826,5531.75652173913,6903.147826086956,2583.7,2245.895652173913,3138.9434782608696,405.8434782608696,6109.517391304348,2446.9086956521737,1979.3304347826088,2563.6521739130435,297.0086956521739
1207,VENTANAS,12,62422.54720962585,61655.89467100374,35148.070291494216,34596.58035367024,35809.07031252933,37168.73090886413,40732.56414985537,42731.05830494394,40182.01017814713,55548.908834992035,26377.03772619367,26072.620719284172,27900.20905360417,4327.393472668617,50002.48810569302,21463.13904652263,21808.644533787523,23138.22125665688,3019.7584212016077
1208,VINCES,12,40092.63730515577,38514.53945225273,28444.485671706065,26574.933050986103,28099.459092463763,28525.490601857902,30436.587200808408,31628.818434614233,30304.551288291445,36730.653376705304,17258.698397124183,15077.367363182637,16806.501762231972,1486.6416208814471,35322.22838077275,15865.82906183545,13955.065416690859,14375.15248164055,1219.2657633158178
1209,PALENQUE,12,6991.396825396825,6727.460317460317,6966.3650793650795,7196.111111111111,6966.079365079365,6800.206349206349,6367.730158730159,6531.476190476191,5445.68253968254,7233.880952380952,3342.8492063492063,2191.1507936507937,3083.785714285714,244.1190476190476,6148.928571428572,2999.3492063492063,1940.984126984127,2277.968253968254,136.03174603174602
1210,BUENA FE,12,64024.87444511126,63589.825297845855,37241.362471580804,39257.46024932683,39632.87697283188,40850.69791412641,44634.47330151653,40789.030289145456,36776.96976292994,59294.76625165117,26557.2057157509,25858.419265197124,30086.620517229338,4568.6386429596605,47092.200531073766,19436.096392826297,19320.73516359295,22327.993624098206,2870.450265933801
1211,VALENCIA,12,39091.82610596707,37994.44908693416,32020.541383744854,31717.358774862823,32522.8386659808,32556.57665037723,34685.687770061726,32112.3321930727,32158.240029149518,37807.342361111114,15043.758166152264,13271.826886145403,16606.24840963649,1865.1741212277093,34534.841580932785,12976.185759602195,12490.80429526749,13548.432848936898,1687.3696759259258
1212,MOCACHE,12,45842.44372706039,45397.050607551995,27916.47585710711,28242.204114531196,28876.292672533644,29798.316136970305,32487.277844511176,29964.93630992103,26883.417817817815,42476.859663830495,20565.68253600823,19110.900045184073,20833.95821933044,3337.8889750861977,34357.003365865865,15283.138021354689,14394.470635913693,15980.182626376378,2207.165302107663
1213,QUINSALOMA,12,4655.906976744186,4458.818604651163,4330.716279069768,4172.53023255814,4513.3488372093025,4525.116279069767,4923.632558139535,4748.209302325581,4314.069767441861,4638.6511627906975,1833.8883720930232,1658.139534883721,1761.827906976744,304.48837209302326,4630.009302325581,1712.2372093023257,1693.1488372093024,1758.3953488372092,255.5813953488372
1301,PORTOVIEJO,13,17940.537065150984,17673.510591715305,12173.129596773351,11625.01606775781,11873.019117144171,12267.517929119538,13441.082206570069,13318.921730736072,12811.233866445598,16194.810687842604,7454.386123341065,6819.884211396424,6900.317772790805,1036.773399117933,14925.325732462772,6301.56282198924,6267.976424451396,6130.428280040593,914.5329932650653
1302,BOLÍVAR,13,7050.891982679427,6671.155830059152,4983.671357978139,4813.707242069034,4988.249681892383,4992.334023859622,5656.146715112129,5750.883775114984,5388.857085498017,6434.891370516234,2833.8313777473636,2595.2716138608025,2566.932016135039,265.1336552427239,6168.585257108542,2517.977586602859,2419.824297137342,2388.0875001551744,220.12869625533025
1303,CHONE,13,11724.06196195531,11522.539874256074,6601.709424430449,6044.882001122278,6089.509924897783,6299.536321860817,7461.707130036073,7633.390909482115,7437.733047170216,10054.13804070262,4787.603345035158,4243.322845358863,4744.756131762376,552.1439420485116,9154.689124372357,3717.4052962437977,3638.9009335348205,4137.535529631935,469.84119039837157
1304,EL CARMEN,13,26728.641729129926,26237.40950584623,17621.63582206545,17200.25372411653,17041.635203964986,17251.309934107387,20416.52077127833,20306.19800444183,19187.890513341823,24147.89961215625,10732.36707451499,10258.5249689725,11250.030244055784,1914.7224496211381,22605.190646025218,8952.074485596708,9286.512061124175,10189.721688222615,1468.8357816480502
1305,FLAVIO ALFARO,13,25702.0711588743,25280.406707164773,14131.105575328862,12678.381707189554,12659.081504612283,12978.636305164548,16266.596168141486,16885.89992873681,16121.788287797739,21806.98790551383,10150.968922706694,9338.258572954577,10509.949616043536,1495.4157411867552,20201.20917400856,7910.202305758245,8163.351581827291,9062.574154790294,1189.3349142685959
1306,JIPIJAPA,13,28395.942391032833,28189.465509949518,13740.881294316552,12278.683904807911,12593.637556326268,13000.746219533992,15515.990948894285,16580.2130356518,17154.518268367945,23140.484872266778,11292.380279670893,10339.804747909404,10967.444604215083,1560.7000875564142,21572.70701452324,9622.779234812371,9650.003596141927,8866.464469265327,1242.2860578478371
1307,JUNÍN,13,11425.489101080248,11129.632410950491,7807.9925982352825,7333.343654861635,7522.600000918577,7773.245359872345,8694.369161128958,8791.748019809776,8785.39674469325,10253.17165782208,4746.0757097978085,4499.77071654279,4023.614179159318,564.0123030307801,9891.677913333544,4289.293535315362,4383.282405439027,3609.2625838529857,402.10275008923327
1308,MANTA,13,6617.886714616304,6456.4610772034275,5518.52093320752,5740.333149307244,5900.723290673589,5962.667833986298,6342.044025793711,5813.470836341276,5030.840630827871,6541.701119318423,2594.9566003707937,2386.1439136009108,2477.2136902406805,376.69964855303016,5721.212159931689,2010.5016525183128,2217.2850698896714,2218.3294180188072,348.45264912621775
1309,MONTECRISTI,13,14248.059798580633,14062.19428586944,8706.796457406284,8335.925093019314,8661.50237735757,8926.759075737129,9744.081841430436,9811.620689784699,9480.243957355582,12525.480501110216,5787.083836243387,5192.7256088590975,5601.232913224769,832.0534880599181,11374.544282398363,4829.0713168719,4851.721185447608,4719.85024628406,693.293659849044
1310,PAJÁN,13,62995.09835550613,62622.445784253294,30642.65237080216,26607.661390909012,27111.903646397375,28047.224673968278,35035.70393018694,39309.23633412333,39879.530088080275,51043.16248288792,25047.60077913702,24106.819940972044,24483.950523046096,3749.8891370659153,50115.34754936466,23140.635265677847,23067.814950704753,20498.25024609442,2841.2772038467087
1311,PICHINCHA,13,25126.936284688552,25003.341027163726,14550.767672176977,11778.596285658112,11853.545818251352,13077.157571693277,15512.3497740396,17041.818399478594,16137.373281058108,21702.94402026372,11682.5818742863,10523.644086112727,9921.080960614483,1336.5319206095276,20028.42040282356,10226.148992469782,8572.014510347317,8588.809262760433,1277.6338344052313
1312,ROCAFUERTE,13,21716.250901323252,21396.84536025931,13112.315335252557,12088.696810708529,12174.067998903249,12631.222884670677,14895.21730624679,15621.442667768424,15846.355011131995,18702.76286973742,8963.101095712984,8147.9912617148775,9063.286829407276,1327.6368613585682,18308.53849276975,7506.264671668733,7868.128551072362,8090.088931514452,1073.9287761081575
1313,SANTA ANA,13,10074.195763007285,9887.386150864133,6363.560556833475,5710.048474017781,5737.170078430326,5923.539874747651,6789.7958227379195,7907.756265650477,8524.286860514208,8165.73226582518,4275.2285675405055,3570.0782618911276,3361.2112733584386,400.18637150755757,9577.032347757655,4614.579561446929,4037.8879619923905,3698.563487355061,420.49869356931185
1314,SUCRE,13,6690.794189573428,6548.732601621513,4573.010032604603,4164.560794705415,4238.244517950086,4256.039821080274,5189.201690433038,5401.450504157601,6065.2426483763675,5767.997494345953,2776.2535112300034,2583.2985333982274,2676.3161481166694,367.8417995731013,6376.475241976882,2642.551396819084,2796.0921951748096,2674.4845853052884,304.0606981507512
1315,TOSAGUA,13,21534.907679283348,21169.758949054947,11668.399756917797,10483.20230110421,10654.65372364906,10990.952044048574,12847.286946509064,13538.55727069557,12785.666920948055,18312.187879852445,8759.493998579588,7876.392851239766,9000.772520730905,1109.8742153999176,16282.23359939796,6511.899763123343,6660.691089361037,7482.2387515345945,927.9629535451337
1316,24 DE MAYO,13,5356.810256410256,5219.023076923077,3947.3,3980.497435897436,3915.0,3959.7153846153847,4636.820512820513,4701.612820512821,4789.323076923077,4873.158974358975,2509.325641025641,2068.6102564102566,2073.4179487179485,341.1871794871795,5166.897435897436,2473.0871794871796,2060.5846153846155,2165.3307692307694,328.0974358974359
1317,PEDERNALES,13,7632.079826058852,7482.2889863068585,3925.609058050184,3636.040983944244,3803.6018847417968,3898.372995192833,4715.283055418989,5070.005374490149,5520.599271413744,6462.557832472959,3327.0617566189594,2709.3466402181434,3130.6759156833828,240.78160291252414,6444.965181156452,2891.2977876106197,2585.972932713318,3161.813269670236,171.56781963563859
1318,OLMEDO,13,5443.8218390804595,5336.074712643678,3989.3333333333335,3749.155172413793,3657.793103448276,4047.6264367816098,4362.1781609195405,5615.913793103448,4936.540229885058,4864.620689655172,2744.689655172414,2325.7471264367814,1637.3850574712644,287.735632183908,5720.672413793103,3078.3390804597702,2272.189655172414,1919.0862068965516,192.17816091954023
1319,PUERTO LÓPEZ,13,22477.587277091905,22182.47548725423,13234.953782293096,11758.642975537266,12931.141632373112,12841.891318015545,15425.890328503658,18487.894357996116,18988.664212534295,18707.135220193188,9534.959129943987,8834.323606109969,8525.99702789209,1476.379943987197,21347.994277263377,9177.986161122542,9878.510359510745,8016.150298639688,1405.6109110653863
1320,JAMA,13,6448.342575290876,6408.52433344489,3629.7140374770693,3097.7279343712303,3237.3182379724662,3343.103208099889,4434.171680032889,4365.786948979044,4284.246537848926,5581.673286768473,2819.221094253558,2297.094665958071,2560.326449057547,248.65746938370765,5226.016466070041,2274.4499089464857,2124.877261360256,2466.1465189461546,163.41072494711358
1321,JARAMIJÓ,13,34389.83677817465,33517.51463473108,28172.613613461694,27798.47878082161,28858.604137497274,29698.654713603417,31455.5110061013,30209.811692880798,29357.257244101394,33058.51502330145,14980.41141983825,14092.574708987408,14644.849612749707,2794.2332746964676,31642.435660284318,13234.82413454201,14137.322931102322,13933.411646252353,2250.999803564372
1322,SAN VICENTE,13,6084.5311915839475,6000.614989199501,3968.6085683580272,3613.066821093011,3728.334551508246,3700.6025012728387,4760.077596436455,4532.011723597486,4346.4315717574345,5432.441199813117,2600.9158643325104,2309.4580139632344,2472.5732916585584,294.48988307872287,5091.846383119889,2126.0859949416886,2058.485905916281,2283.2919825935664,220.1991894250691
1401,MORONA,14,14648.77930902347,13587.226968034869,10568.481615469023,10759.847137112063,10565.78937101723,11041.622722325192,12186.698808593894,10327.87279603819,10674.240877960314,14050.306495509632,5772.2807951341265,6028.411070829795,5824.851883945356,938.9216681499988,11836.995013826288,4533.168819086086,4757.752618115433,4638.161587614584,763.4933352113136
1402,GUALAQUIZA,14,13548.907634602192,13477.614939128942,9114.046253429357,9966.106498628258,10579.395220336077,11412.135035150894,13125.944088648832,11457.442806927298,10020.661655521262,12989.841370884775,6007.358423353909,5271.756674382716,6059.472989540466,787.890882201646,11824.365466392317,5397.885506687243,3890.8314771947876,5721.399639917695,594.9963991769547
1403,LIMÓN INDANZA,14,12636.9762654321,12631.793703703705,8475.42281378601,8534.717139917695,8295.811975308641,9287.51318415638,11044.975907921811,9514.219591049383,8857.161432613168,12005.167636316872,5424.791849279835,5623.2690457818935,6216.58494855967,974.3613400205762,10374.03340792181,4753.141322016461,4250.343230452675,5011.805856481482,717.252901234568
1405,SANTIAGO,14,22510.6974388216,22485.302888908303,17499.382014810937,16752.710928320004,16292.935400813987,17710.17354365634,20189.035342579653,17880.40053656469,19010.29929034992,21477.656679639982,9746.722897416983,9781.958825413463,9386.131948650256,2477.9770357752927,20272.011833216864,7755.203667954292,9074.499846811348,8224.998657375056,2091.1948253940523
1406,SUCÚA,14,15224.756174154696,15096.237194087043,9534.995652725005,9613.565824879957,9136.08702605521,9873.216836523325,11323.986755718113,10048.963710730102,11224.973226204615,13962.53988713377,6344.191173733833,6537.2534942105385,6387.736279126504,1148.6467246204693,12423.996124631254,5138.433767658056,5496.980881097709,5111.417847952974,922.9800225258992
1407,HUAMBOYA,14,5475.704127812801,5436.148539422992,3656.246746672796,3402.5415024954036,2988.410149067507,3478.8795803782505,3943.7720509368705,3354.7930101348393,3710.7236012608355,5059.1284120260925,2429.103783600385,2187.979467647316,2469.4894656772613,369.0635999474652,4141.846283709833,1829.5758936389109,1824.4742853077666,1756.428388494878,271.2170562997986
1408,SAN JUAN BOSCO,14,9006.052887912841,9006.052887912841,5414.591745146144,5940.8547008547,5845.667639416482,6621.345801018255,7719.72801915163,6930.977049699271,5829.665476284689,8505.004642819456,3811.7331631845523,3867.8926348000423,4705.153216339559,472.4465614118391,7263.7035454257675,3728.8327892529283,2624.8565276458794,3919.722096918856,277.49352049699274
1410,LOGROÑO,14,24134.29114537405,24086.88788534318,13161.050790435773,13105.16314851558,12357.746628821282,13540.363846175043,15775.495997299382,13992.540869800852,16718.528965038946,21604.41817083701,10513.155278604498,10941.002482455173,10754.238230728248,1857.2159552285418,18855.465851888595,8584.119226741623,8925.207591582157,8226.695845274839,1291.727196318342
1501,TENA,15,4083.0522897096193,3984.3640764181905,2769.5426783626494,2904.304570484104,2847.9044075897277,2835.003168789394,3267.84413573012,3171.265094842655,2948.495714427312,3777.2864225023586,1638.1394694555863,1471.0709872564,1501.2838558759183,272.31103029697925,3404.032281917603,1327.85750891343,1275.12223133823,1286.8450522144665,156.48108403078027
1503,ARCHIDONA,15,6236.959439770902,6105.592484902473,4348.572689785539,4604.8596779438085,4400.67533258473,4669.432775488056,5538.8368884142155,4972.132858242163,4732.006687765566,5846.103349058183,2539.022133456288,2028.580937228161,2273.2119623858275,371.495231052812,5282.616547893874,1967.4450106017264,1990.4542011170497,1919.7726729524238,240.69217563317605
1504,EL CHACO,15,8521.120997299384,8468.165493184157,5452.266525205761,5544.352880658436,6134.391107253086,5634.216644161523,5873.393614969136,5110.353604038066,5062.1564107510285,7970.333092206791,3769.785574202675,3097.5658757716046,3313.301392103909,504.9690072016461,5732.169270833333,1947.7558191872429,2284.4655992798357,2471.6025913065846,364.10577417695475
1507,QUIJOS,15,11306.58317426083,11270.827693490011,7144.847623518766,7037.558657985853,6948.0025606541385,7421.533017357496,8709.71367878923,7434.831846935066,7048.264950233031,10435.305918116912,4607.839155490275,3706.8434824689707,4182.795809782339,661.2690122630439,8232.373945369958,2707.137112234948,3386.986402399722,3130.4330593980862,485.0496430165105
1509,CARLOS JULIO AROSEMENA TOLA,15,6789.909755903391,6724.366252082109,4334.8336303399965,4351.526938810503,4230.426057588673,4089.1139893200084,4996.897309180874,5049.549177567117,4959.988872966883,6069.682530496767,2780.522600063688,2469.1839267342734,2406.1945026210074,640.757247574956,5673.393285812268,2218.826079634529,2381.1650683421517,2131.552971291397,410.9554183813443
1601,PASTAZA,16,7871.150732842702,7635.54302519773,5395.927655563967,5055.472525264392,4991.160940504228,5126.863686127803,5963.508031901318,6237.937772832945,5872.964164569704,7030.798683568108,2907.8167896723876,2623.1663622607543,2791.8975726022113,525.9959140988072,6752.166374722531,2456.9645456461017,2641.438190956088,2541.5239868773833,429.71728958804243
1602,MERA,16,22797.4,22568.2,11051.4,9486.4,9316.2,9963.2,13082.799999999997,16453.4,15099.799999999997,18235.2,7664.4,7585.8,8820.8,1485.0,19180.8,7326.0,7956.8,8421.8,1193.8
1603,SANTA CLARA,16,8097.191143689986,7928.1241426611805,5528.687457133059,5505.661951303155,5422.403377914951,5265.630401234568,6353.802169067215,6083.787551440329,6280.533907750342,7358.600051440329,3397.250085733882,2883.482767489712,2710.6681670096023,786.4988425925926,6868.879458161867,2644.603523662551,2888.2685185185187,2475.9221107681756,573.8330332647462
1701,DISTRITO METROPOLITANO DE QUITO,17,12984.018289201738,12879.352056975205,8124.522984127256,8002.0887431192305,8106.381348729895,8283.06034908713,9144.367947307637,9666.481494117515,8823.23521227879,11533.453235906096,5215.11532269627,4800.135125354796,5910.282915039599,729.323396086685,10863.27060431615,4490.448993595993,4748.572279303648,5508.360246281286,575.60963129396
1702,CAYAMBE,17,18099.665116358647,17937.952977182962,9157.946137688614,8916.285185277387,9207.560730139772,9372.29850040932,11632.760996482657,14048.600478931594,13476.113659740282,14986.021683464243,6993.265715519642,6436.274179289071,7933.612367394944,763.1028314617062,16441.302395154107,6732.544939540782,7075.209039342631,8248.240227266793,646.8741046019512
1703,MEJÍA,17,46644.158212517395,46341.90858332653,20475.006840008497,19149.286400954694,19132.7323637236,20152.97738764901,24078.713335638593,28055.979103431735,28628.630379269638,37743.716580799155,17196.88734488949,16707.227430885163,21938.778200956276,2207.6095312342477,36759.25868589827,15002.825374922337,15845.411031050067,20108.765977634695,1824.8531055929807
1704,PEDRO MONCAYO,17,38155.54138107632,37961.29663327019,18168.65402588709,17075.56842284859,17392.117501691966,17514.09014699102,21751.788297978044,28896.27079466792,29075.82969216994,30825.196846440962,15927.00789160512,15115.419851964272,18037.923289154834,1458.0519189627448,35431.149163668815,16122.039742537178,17568.18490569841,19959.074412722908,1424.045392683891
1705,RUMIÑAHUI,17,14669.580186440575,14611.712157676855,7454.261317637909,7354.304541074403,7302.594490548276,7561.536730079121,8672.953156822143,8639.457014846834,8426.348308330535,12623.67444614163,5798.595690931979,5506.717909064345,6892.00460896164,837.8810457696454,10867.673447954285,4226.596859384185,4787.058935920047,5634.305137602881,570.7339762937069
1707,SAN MIGUEL DE LOS BANCOS,17,17880.25724664081,17747.687379650804,11014.268546854291,9796.082662304827,9778.84982319722,9873.100266138312,12087.89091660937,13034.723173027582,15198.589537778127,14988.576283174652,6414.823578198018,6358.6253376939285,7054.781232406909,1137.110080591925,16341.71071229287,6252.15652650734,7111.394093797018,6429.381764309878,995.8005163027233
1708,PEDRO VICENTE MALDONADO,17,16402.62981334509,16254.586390358614,9568.024309229866,8723.98015138154,9339.162154614934,9362.67566137566,11614.277667548502,12407.53519988242,16094.161926807757,13286.448045267489,5983.093636096414,5873.07156819518,6123.078240740741,881.2603689006468,16500.027270723105,6495.069731040564,7183.848780129335,6439.328637566138,853.7246766607877
1709,PUERTO QUITO,17,8722.376282784597,8644.657746233259,5256.54767671131,4715.627670200893,4923.643580729166,4910.337870861235,5969.888386579241,5945.4451585751485,8119.036686197916,7214.917956426711,3496.519347098214,3317.596688058036,3610.750760323661,541.7063683500744,8354.563883696057,3498.6555450148808,3783.5667082868304,3573.578343098958,458.6716420200893
1801,AMBATO,18,14223.39141609802,14150.981539266826,7294.432553523166,6966.678682017305,6836.275043604916,7255.761465519405,8317.69088405861,9063.714652005268,8818.784496133148,12003.221247258918,5200.1587756175495,5122.493295041329,6500.574221766132,634.4010498403635,11224.687894207173,4377.410992172186,4709.069112888567,5814.635037407078,537.3520746861728
1802,BAÑOS DE AGUA SANTA,18,11857.585740621684,11792.678671325992,4982.219772135352,4461.088635457344,4440.176104578093,4951.7825342976585,6545.270019203569,9088.26367233044,7746.665339399432,9088.965055027058,4132.901453384306,4001.4626283066045,4670.671123802189,747.0240837285438,10450.688956928612,4193.43450810647,4242.894736035436,5119.734363864175,593.6486733280457
1803,CEVALLOS,18,2230.1785714285716,2159.848214285714,2190.1696428571427,1964.200892857143,1996.4017857142856,2112.214285714286,2151.0803571428573,2458.1071428571427,2584.2321428571427,2082.9464285714284,759.2767857142857,680.3482142857143,642.0491071428571,122.24107142857144,2522.1473214285716,776.5446428571429,1010.6116071428572,729.1205357142857,144.875
1804,MOCHA,18,64214.28504736393,63881.996306972585,31205.706440717444,26962.405340088517,27076.024385627767,29526.37400516344,35226.817944910326,38883.674712710614,40781.227181846414,53156.9230870021,23815.00967660533,24883.223978957994,30711.04876154981,3616.580610878174,50834.336812834845,20166.53599852473,22617.20814892461,26862.286760423944,2533.872015490333
1805,PATATE,18,4405.961538461538,4181.173076923077,3459.201923076923,3779.125,3637.307692307693,3831.216346153846,4466.403846153846,5228.471153846154,5352.211538461538,3906.817307692307,1442.9615384615386,1354.4711538461538,1280.735576923077,226.81730769230768,5319.067307692308,1733.8317307692307,2066.4951923076924,1641.5528846153843,257.27403846153845
1806,QUERO,18,62116.45048868313,61903.231371252194,28973.65292475015,25187.77652851264,25256.299915490887,27763.85082304527,33224.850088183426,36654.23025058789,38113.524305555555,51237.39283877131,23158.053755144032,24289.87024176955,30030.33393959435,3493.95491622575,48384.97549235743,19424.795910493827,21571.375973691946,26169.294973544977,2391.958866108172
1807,SAN PEDRO DE PELILEO,18,11603.490208623576,11457.868521594415,5754.187522288689,5491.628487804069,5359.180069511803,5827.269556525331,7340.647703819802,9476.225572911824,8412.938104598767,9259.641347546694,4223.154418432012,4028.6256944617894,4590.899400882344,653.2650520130127,10692.864313874356,4295.1228815699305,4484.976791143359,5183.139187047084,569.7120702084464
1808,SANTIAGO DE PÍLLARO,18,4123.801125703565,3971.59287054409,3723.649155722326,3799.1144465290804,3817.904315196998,4115.356472795497,4058.6904315197,4353.562851782364,4539.129455909943,3942.170731707317,1560.2063789868669,1341.0356472795495,1232.5253283302063,256.26641651031895,4459.076923076923,1628.0,1683.3020637898687,1311.4915572232646,262.93245778611634
1809,TISALEO,18,63803.02330283526,63546.95055595829,30709.772510178227,26674.572777082143,26784.087281973552,29212.3501136813,34895.3310166879,38503.85489708273,40077.17190314573,52812.780938337506,23700.851180015525,24790.715914832388,30578.820547391006,3595.7066537425126,50292.46852803772,20012.71637889372,22357.472703674415,26747.878113879007,2502.909205073005
1901,ZAMORA,19,11330.835586123858,11210.424075060393,6780.749167192703,7039.212945575929,7149.079980797128,7539.839015415913,8767.668628745989,8488.53158117557,7224.514814890686,10549.710469346219,5705.2160593723565,4876.341368671877,5410.681360733276,552.4081427840903,9207.257922733792,4514.079243586903,3472.4165748631294,4833.856219221788,435.1555297974556
1902,CHINCHIPE,19,1598.5494970278921,1597.7660608139004,1004.7211648376773,1597.681084247828,1042.1152692043895,1114.95354652492,1466.6134259259259,1018.0082161636946,951.5660150891632,1666.6530349794239,891.9466020804756,751.5960933927755,1047.0979938271605,246.17779778235024,1016.1414609053498,600.2405549839963,461.1494198673983,563.2493427069045,45.83101851851851
1905,YANTZAZA,19,17442.94412209633,17312.19221169726,10089.830582798624,11400.57795071204,10776.556565748864,11729.035715494369,12459.81755350471,13012.027336981535,10646.468535101258,16122.908581735976,8330.396782610462,6685.327184183451,8375.878107571205,681.0486153414014,14009.611831952569,6820.073919245452,4585.615332940762,7567.268629352123,578.2038966049382
1906,EL PANGUI,19,16649.967919204177,16578.882224738496,10130.423331347916,11673.71206700408,11439.836382991032,12176.93239909945,12998.228516097797,12994.342233996695,10640.8624109217,15695.296891124874,7824.9284946245125,6230.639227179393,7624.359820192425,731.8827816105867,13604.949976934135,6473.38791184115,4317.735540702094,6960.296175525657,700.1627494510908
1907,CENTINELA DEL CÓNDOR,19,15534.17856639121,15507.440648231117,9031.79475640515,9888.431735779239,9837.58861882716,10513.073356813355,11685.705319095978,11515.804572796362,9742.548655913977,14425.834860364397,7766.069282656313,6440.700755840967,7530.682928863003,669.5284655847604,12536.127938321384,6307.792192270676,4531.406337531528,6759.701262362272,552.9209088344618
1908,PALANDA,19,2278.6172839506175,2277.0504115226336,1629.539351851852,1886.8907750342933,1519.5527263374486,1499.292952674897,2040.0015432098764,1539.928755144033,1530.6607510288065,2324.731052812071,1177.9226680384088,913.6424039780522,1428.8736282578875,243.63588820301786,1598.1724108367628,854.0307784636489,652.2892661179699,851.014574759945,91.66203703703702
2001,SAN CRISTÓBAL,20,4295.7,3917.7,4122.9,4652.775,3818.475,3829.275,4673.7,4145.85,4748.625,4219.425,1728.675,1040.175,1337.85,133.65,4447.575,1473.525,1330.425,1544.4,114.75
2003,SANTA CRUZ,20,32805.0,26629.285714285714,30286.428571428572,31655.714285714286,35122.142857142855,38105.0,37670.71428571428,30924.285714285714,27632.85714285714,34568.57142857143,12687.142857142857,10493.57142857143,10265.714285714286,1122.857142857143,29278.571428571428,10302.142857142857,8772.142857142857,9226.42857142857,978.5714285714286
2101,LAGO AGRIO,21,11945.718712248787,11621.626919144546,10210.075152263884,10570.892732465705,11459.702780268315,11521.8209769167,11241.93667352754,10417.986518831103,9115.332516315877,12137.541084373108,5226.769633181841,4523.3712445601295,5014.055221023384,947.6446004628116,10208.033925367905,3941.573726622357,3751.510387480978,4304.177866059204,700.0269537182106
2102,GONZALO PIZARRO,21,6275.085060092898,6134.5133378985265,4520.005000688056,4598.465314979184,5139.587630266354,4874.586048080326,5131.357703462338,4551.577322814824,4399.095126998091,6037.411738538419,2836.4734828379333,2245.0887662402906,2544.937893925345,476.66907738602305,4820.824064790788,1771.2515798652066,1781.100252805737,2132.319697414004,363.26687114470565
2103,PUTUMAYO,21,1622.0191742413963,1594.653173472618,1130.587050745037,1293.4419346086015,1416.2245525821916,1368.4193778829197,1596.0854425281511,1408.6129835956224,1280.7311628058158,1575.6269042814183,777.8208915570027,584.5785108024692,727.6310816883733,132.22982238954458,1446.5599604870438,566.8100989802379,565.4137773877356,632.2469686948855,79.2370720842943
2104,SHUSHUFINDI,21,16553.97919745142,16281.991253488939,13761.745217770682,14740.495818238873,15435.40153943626,16383.09509377102,15773.584395241802,14177.26589949738,12341.402928391353,16974.084664691145,7907.571052865034,6794.258320158783,7716.450341876268,1519.7556498297238,14016.16449286588,6020.718417822584,5380.659467337708,6455.622654069414,1005.6324879773953
2105,SUCUMBÍOS,21,885.0,885.0,199.0,146.0,234.0,331.0,349.0,207.0,288.0,718.0,483.0,266.0,274.0,0.0,428.0,296.0,133.0,110.0,0.0
2106,CASCALES,21,10466.890112670915,10298.647225126113,7348.573839688703,7576.972809222753,8476.942353643966,8106.877988932033,8414.281911671977,7530.108070323909,7205.0553564317015,10075.66734285809,5053.187753053232,3744.2296022500996,4361.997160410859,777.6476835258198,7961.989879944908,3115.454593538431,2953.689943415638,3709.408091895659,571.352837100093
2107,CUYABENO,21,2742.0956729382524,2669.5109384396733,1976.0931734486987,2133.3292060981225,2512.836260767863,2419.5714278867995,2504.198404474902,2288.49322969815,1881.4513727005933,2706.76991469632,1209.0927515220899,1031.6726616299613,1249.4529101428673,215.44913091421685,2263.442493295092,863.6821732984625,894.8053093039957,985.4589987252206,134.60532514679247
2201,FRANCISCO DE ORELLANA,22,5973.854504321792,5762.413257594023,4799.946689751119,5110.966511521053,5315.310963501939,5556.641182999738,5655.967822687555,4951.2715502171,4320.843976015988,6034.375476312632,2774.268477855732,2173.3125786596133,2394.670098027397,398.1642291017895,4920.019128841168,1931.7104344132379,1816.1760945768617,2047.0035620755546,289.0566528657158
2202,AGUARICO,22,650.0,645.0,629.0,354.0,707.0,512.0,713.0,541.0,989.0,572.0,264.0,166.0,376.0,0.0,765.0,368.0,155.0,509.0,0.0
2203,LA JOYA DE LOS SACHAS,22,15443.62537176113,15259.415568767785,12494.953488403191,13916.627913466133,14522.832119983454,15718.477505331253,14788.164418269609,13590.53686363766,11700.41926007945,15798.884705461767,7408.474896762736,6637.54535976136,6833.348120867835,1545.2194629879252,13332.900536958585,5856.814094026146,5305.949015679939,5898.77810273445,1036.162584426329
2204,LORETO,22,7553.222608024691,7519.148233882031,4911.561278292181,5316.6583014893195,5147.053617357436,6227.253135410542,6946.373077111503,5417.0441131442285,4714.324750759358,7342.528910689791,3755.218100872036,2447.713673329414,2980.203859861846,526.4054937046835,5641.221291397218,2204.3389825837744,2130.6873224083874,2462.90124069175,347.85177224181854
2301,SANTO DOMINGO,23,28701.51075401575,28340.801050566253,18616.473727849556,18478.547179892223,18499.9494097033,18897.25206091996,21406.687504268662,21176.869135953126,19606.478791929516,26114.768183347405,11446.84142729149,11171.740874963738,12225.884106726035,2069.480586027557,23468.071382857743,9141.273521159621,9736.279751344779,10449.567525032004,1571.1293835680456
2302,LA CONCORDIA,23,55278.77419354839,55008.8064516129,30941.225806451617,30632.25806451613,30155.483870967742,30522.129032258064,37433.903225806454,39149.51612903226,37896.41935483871,48187.16129032258,24068.41935483871,22394.58064516129,25050.93548387097,3851.870967741936,45970.77419354839,20863.90322580645,20380.64516129032,22530.74193548387,3005.8387096774195
2401,SANTA ELENA,24,30937.57861953121,30626.29645977123,15525.42521725983,14470.970861793985,14892.605764128612,15110.427541170355,18335.15577418222,22112.100883233095,22353.163175915342,24789.3785395819,11557.863256360331,11086.519339778102,12549.145660868015,1178.8675733652035,27721.52482345029,11405.96123576323,12384.394806552838,14112.278316097581,1171.459959061374
2402,LA LIBERTAD,24,40053.59383656651,39609.45564381327,19903.61283627856,18765.79310336779,18842.432837529148,19279.824622158045,24075.71500202616,28445.646599717253,27334.317231204008,33190.75878846682,15531.335716226118,14564.52479755966,17580.488627231975,982.9254229269736,34964.87813557921,14835.606513667517,14598.505551906987,19224.149812424203,923.802748327145
2403,SALINAS,24,21776.85116962351,21532.53968594079,9832.485732919311,9375.42329126779,9685.602901343851,10223.609680304988,13180.163442083967,16687.0712879831,15493.738549940832,17214.974809557596,7811.713620407838,7355.413433595141,8620.674096242592,573.559685905662,20065.850592676114,8179.058449464365,8092.511401467963,10702.772836500933,578.6224552063233
